category,enterprise,product,manufacturer,authorised_on,registration_number
Dispositivo Médico de Diagnóstico In-vitro,"Mozambique Scientific, Lda.",β-HCG Rapid Test Kit,Anbio Biotechno,03/06/2025,A1619/25
Antisseptico,"Galaxy Farmacêutica, Lda.",Zylo-P Solution 10%,LEBEN LABOR,A 24/04/2025,D219/25
Antisseptico,"Galaxy Farmacêutica, Lda.",Zylo-P,LEBEN LABOR,A 24/04/2025,D218/25
Antisseptico,"TMI Healthcare, Lda.",Ztop Spray Repelente tecidos Mosquitos e Insectos,"Smart Inovation,",09/10/2020,D146/20
Antisseptico,"TMI Healthcare, Lda.",Ztop Spray Repelente pele Mosquitos e Insectos,"Smart Inovation,",09/10/2020,D145/20
Dispositivo Médico,Medafrica Lda,Zinc oxide adesive plaster,Suzhou Sunmed,10/12/2017,A99/17
Dispositivo Médico,"Farmatec, Lda.",Yankauer Suction Set (Conjunto de Succao Yankauer),Lars Medicare P,16/06/2022,A983/22
Dispositivo Médico,"TMI Healthcare, Lda.",XYLISOL- CLORETO DE SÓDIO,LABORATÓRIO,01/09/2023,A1285/23
Dispositivo Médico de Diagnóstico In-vitro,"Mozambique Scientific, Lda.",Xpert®HIV-1 Qual XC,Cepheid AB Cep,24/10/2022,A1147/22
Dispositivo Médico de Diagnóstico In-vitro,"Mozambique Scientific, Lda.",Xpert® Xpress CT/NG,"Cepheid AB, Fra",05/07/2022,A1028/22
Dispositivo Médico de Diagnóstico In-vitro,"Mozambique Scientific, Lda.",Xpert® Xpress CoV-2/Flu/RSV Plus,"Cepheid AB, Fra",24/06/2022,AUE27/22
Dispositivo Médico de Diagnóstico In-vitro,"Mozambique Scientific, Lda.",Xpert® Xpress CoV-2 plus,Cepheid AB Cep,07/11/2022,AUE29/22
Dispositivo Médico de Diagnóstico In-vitro,"Mozambique Scientific, Lda.","Xpert® Nasopharyngeal Sample Collection Kit, Swab AB/B-100","Cepheid AB, Fra",05/07/2022,A1026/22
Dispositivo Médico de Diagnóstico In-vitro,"Mozambique Scientific, Lda.",Xpert® MTB/XDR,Cepheid AB Cep,24/10/2022,A1131/22
Dispositivo Médico,"Mozambique Scientific, Lda.",Xpert® HPV 10,"Cepheid AB, Fra",24/06/2022,A1000/22
Dispositivo Médico de Diagnóstico In-vitro,"Mozambique Scientific, Lda.",Xpert® HIV-1 Viral Load XC,Cepheid Europe,24/10/2022,A1132/22
Dispositivo Médico de Diagnóstico In-vitro,"Mozambique Scientific, Lda.",Xpert® HC Quant 10-test CE-IVD,"Cepheid AB, Fra",05/08/2022,A1030/22
Dispositivo Médico de Diagnóstico In-vitro,"Mozambique Scientific, Lda.",Xpert® HBVV Quant,"Cepheid AB, Fra",05/07/2022,A1027/22
Dispositivo Médico de Diagnóstico In-vitro,"Mozambique Scientific, Lda.",Xpert® BCR-ABL Ultra,"Cepheid, 904 Ca",05/07/2022,A1031/22
Dispositivo Médico de Diagnóstico In-vitro,"Mozambique Scientific, Lda.",Xpert Xpress SARS-CoV-2,Cepheid 904 Ca,r 20/07/2022,AUE28/22
Dispositivo Médico de Diagnóstico In-vitro,"Mozambique Scientific, Lda.",Xpert Xpress MTB/RIF,Cepheid 904 Ca,r 24/06/2022,A1008/22
Dispositivo Médico de Diagnóstico In-vitro,"Mozambique Scientific, Lda.",Xpert MTB/RIF CE-50,Cepheid 904 Ca,r 24/06/2022,A1007/22
Dispositivo Médico de Diagnóstico In-vitro,thl-Tecnologia Hospital e Laboratorial,XN-L CHECK,Sysmex Corpora,16/09/2020,A468/20
Dispositivo Médico de Diagnóstico In-vitro,thl-Tecnologia Hospital e Laboratorial,XN CHECK BF,Sysmex Corpora,16/09/2020,A469/20
Dispositivo Médico de Diagnóstico In-vitro,thl-Tecnologia Hospital e Laboratorial,XN CHECK,Sysmex Corpora,16/09/2020,A466/20
Dispositivo Médico de Diagnóstico In-vitro,thl-Tecnologia Hospital e Laboratorial,XN CAL PF,Sysmex Corpora,16/09/2020,A463/20
Dispositivo Médico de Diagnóstico In-vitro,thl-Tecnologia Hospital e Laboratorial,XN CAL,Sysmex Corpora,16/09/2020,A470/20
Dispositivo Médico de Diagnóstico In-vitro,"Mozambique Scientific, Lda.",WONDFO Prothrombin Time Reagent Kit (Clotting),Guangzhou Won,22/01/2026,A1813/26
Dispositivo Médico de Diagnóstico In-vitro,"Quimofar Produtos Quimicos Farmaceuticos e Material Hospitalar, Lda",Wondfo Optical Coagulation Analyzer,Guangzhou Won,29/04/2024,A1435/24
Dispositivo Médico de Diagnóstico In-vitro,Kambeny Comercial Lda.,Wondfo One Step HIV 1/ 2 Whole Blood / Serum / Plasma Test,Guangzhou Won,12/06/2025,A1642/25
Dispositivo Médico de Diagnóstico In-vitro,Kambeny Comercial Lda.,Wondfo Malaria P.f. (HRP2/pLDH) Test,Guangzhou Won,03/06/2025,A1615/25
Dispositivo Médico de Diagnóstico In-vitro,Kambeny Comercial Lda.,Wondfo HIV Self-Test,Guangzhou Won,12/06/2025,A1641/25
Dispositivo Médico de Diagnóstico In-vitro,"Mozambique Scientific, Lda.",WONDFO Fibriogen Reagent kit (Clotting),Guangzhou Won,22/01/2026,A1814/26
Dispositivo Médico de Diagnóstico In-vitro,"Mozambique Scientific, Lda.",WONDFO Blood Gas Analyzer Test Card,Guangzhou Won,19/11/2025,A1755/25
Dispositivo Médico de Diagnóstico In-vitro,"Mozambique Scientific, Lda.",WONDFO Blood Gas Analyzer Reagent Pack,Guangzhou Won,19/11/2025,A1754/25
Dispositivo Médico de Diagnóstico In-vitro,"Mozambique Scientific, Lda.",WONDFO Blood Gas Analyzer Control,Shenzhen Mindr,a 19/11/2025,A1754/25
Dispositivo Médico de Diagnóstico In-vitro,"Mozambique Scientific, Lda.",WONDFO Activated Partial Tromboplatir Time Reagent kit ( Clotting),Guangzhou Won,15/12/2025,A1788/25
Dispositivo Médico de Diagnóstico In-vitro,Farma Holdings SA,Wondfo 2019-nCoV Antigen Test (Lateral Flow Method),Guangzhou Won,14/06/2021,AUE06/21
Dispositivo Médico de Diagnóstico In-vitro,"Medline Sociedade Unipessoal, Lda.",Wondfo 2019- nCoV Antigen Test (Lateral Flow Method),Guangzhou Won,14/09/2021,AUE09/21
Dispositivo Médico,Hospitec S.A.,WATO EX-65,Shenzhen Mindr,a 25/02/2022,A869/22
Dispositivo Médico,Hospitec S.A.,WATO EX-35,Shenzhen Mindr,a 16/03/2022,A879/22
Dispositivo Médico,Hospitec S.A.,Wato Ex-20,Shenzhen Mindr,a 05/02/2024,A1399/24
Dispositivo Médico de Diagnóstico In-vitro,"MDS - Medicamentos e Diagnóstico na Saúde, S.A.",Wantai Human Immunodeficiency Virus Diagnostics Kit for Antibody (ELISA) - 91 tests/kit,Nome: Beijing W,30/10/2020,A501/20
Dispositivo Médico de Diagnóstico In-vitro,"MDS - Medicamentos e Diagnóstico na Saúde, S.A.",Wantai HIV1+2 Ag/Ab Virus diagnostics Elisa plus -96tests/kit,Nome: Beijing W,30/10/2020,A500/20
Dispositivo Médico de Diagnóstico In-vitro,"MDS - Medicamentos e Diagnóstico na Saúde, S.A.",Wantai HIV1+2 Ag/Ab Virus diagnostics Elisa plus -90tests/kit,Beijing Wantai B,20/05/2021,A681/21
Dispositivo Médico de Diagnóstico In-vitro,"MDS - Medicamentos e Diagnóstico na Saúde, S.A.",WANTAI HEV-Ag ELISAPlus – 96 tests/kit,Nome: Beijing W,30/10/2020,A499/20
Dispositivo Médico de Diagnóstico In-vitro,"MDS - Medicamentos e Diagnóstico na Saúde, S.A.",Wantai Hepatitis E Virus Diagnostics Kit for IgG Antibody (ELISA) – 91 tests/kit,Nome: Beijing W,30/10/2020,A498/20
Dispositivo Médico de Diagnóstico In-vitro,"MDS - Medicamentos e Diagnóstico na Saúde, S.A.",Wantai Hepatitis C Virus Diagnostics Kit for Antibody (ELISA) - 91 tests /kit,Nome: Beijing W,30/10/2020,A497/20
Dispositivo Médico de Diagnóstico In-vitro,"MDS - Medicamentos e Diagnóstico na Saúde, S.A.",Wantai Hepatitis B Virus Diagnostics by Surface Antigen (Elisa) - 91 tests/kit,Nome: Beijing W,30/10/2020,A496/20
Dispositivo Médico de Diagnóstico In-vitro,"MDS - Medicamentos e Diagnóstico na Saúde, S.A.",Wantai Diagnostic Kit for IgM Antibody to Hepatitis E Virus (ELISA) – 91tests/kit,Nome: Beijing W,30/10/2020,A495/20
Dispositivo Médico de Diagnóstico In-vitro,"MDS - Medicamentos e Diagnóstico na Saúde, S.A.",Wantai Diagnostic Kit for Antibody to Treponema Pallidum (ELISA) - 91 tests /kit,Nome: Beijing W,30/10/2020,A494/20
Dispositivo Médico,Hospitec S.A.,VS-900 Monitor de Sinais Vitais,Shenzhen Mindr,a 20/06/2022,A891/22
Desinfectante,"Unibasma, Lda.",Voi Antibacterial Hand Cleaning - Alcool gel,Smile Dis Ticarr,e 04/02/2022,D185/22
Dispositivo Médico,"Orbis Pharma, Lda.",VIVIA - Test de Gravidez,Gaobeidian PRI,S 17/07/2025,A1627/25
Dispositivo Médico,"Teccare, Lda.",VIVACHEK INO BLOOD GLUCOSE TEST STRIPS TIRAS-TESTE DE GLUCOSE NO SANGUE VIVACHEKTM INO,VivaChek Biotec,24/10/2022,A1127/22
Dispositivo Médico,"Teccare, Lda.",VIVACHEK INO BLOOD GLUCOSE MONITORING SYSTEM SISTEMA DE MONITORIZAÇÃO DE GLUCOSE NO SANGUE VIVACHEKTM INO,VivaChek Biotec,24/10/2022,A1128/22
Dispositivo Médico,"Medis Farmacêutica, Lda",Vitis Whitening pasta dentifrica 100 ml,"Dentaid, S.L., ro",n 01/06/2018,A131/18
Dispositivo Médico,"Medis Farmacêutica, Lda",Vitis Whitening Colutorio 500ml,"Dentaid, S.L., ro",n 01/06/2018,A132/18
Dispositivo Médico,"Medis Farmacêutica, Lda",Vitis junior Gel Dentifrico 75 ml+K916:Q924,"Dentaid, S.L., ro",n 01/06/2018,A129/18
Dispositivo Médico,"Medis Farmacêutica, Lda",Vitis Gingival pasta dentifrica 100 ml,"Dentaid, S.L., ro",n 01/06/2018,A128/18
Dispositivo Médico,"Medis Farmacêutica, Lda",Vitis Gingival Colutorio 500 ml,"Dentaid, S.L., ro",n 01/06/2018,A127/18
Dispositivo Médico,"Medis Farmacêutica, Lda",Vitis Anticaries pasta dentifrica,"Dentaid, S.L., ro",n 01/06/2018,A126/18
Dispositivo Médico,"Medis Farmacêutica, Lda",Vitis Anticaries Colutorio 500 ml,"Dentaid, S.L., ro",n 01/06/2018,A130/18
Dispositivo Médico de Diagnóstico In-vitro,Inyathi SA.,VISITECT® CD4 Advanced Disease,Omega Diagnos,t 05/07/2022,A1015/22
Dispositivo Médico,"Moz Pharma, Lda.",Visic-Med Cath 40cm (Sonda Vesical tipo Nelaton-Feminina/ponta Reta),Changzhou Hua,k 12/09/2022,A1100/22
Dispositivo Médico,"Farmaceutica Austral, Lda.",Visex bebe a adulto,Sooft Italia S.p.A,07/02/2017,A104/17
Desinfectante,"Opportunity, Lda.",Virusan 70,"Mega Magic,cc,",S 05/08/2022,D190/22
Desinfectante,"Generics & Specialities, Lda.",Violeta genciana USP,West Coast Pha,r 16/01/2012,D43/12
Desinfectante,"Orbis Pharma, Lda.",Violet de Genciana Valvet Galénicos 30ml,Aliand - Laboróri,24/08/2015,D72/15
Desinfectante,"Moz-In Lda,",Violenta Painta Genciana 0.5%,Arihat Siddhaat,L 28/12/2016,D85/16
Desinfectante,"Natur Pharma, Lda.",Violenta Genciana a 1%,Laboratórios Ma,i 24/09/2010,D23/10
Dispositivo Médico de Diagnóstico In-vitro,Hospitec S.A.,VIDAS® TSH,bioMérieux SA 3,16/03/2026,A1867/26
Dispositivo Médico de Diagnóstico In-vitro,Hospitec S.A.,VIDAS® TPSA,bioMérieux SA 3,16/03/2026,A1870/26
Dispositivo Médico de Diagnóstico In-vitro,Hospitec S.A.,VIDAS® TOXO IgM (TXMN),bioMérieux SA 3,24/03/2026,A1894/24
Dispositivo Médico de Diagnóstico In-vitro,Hospitec S.A.,VIDAS® TOTAL IgE (IGE),bioMérieux SA 3,24/03/2026,A1893/26
Dispositivo Médico de Diagnóstico In-vitro,Hospitec S.A.,VIDAS® LH,bioMérieux SA 3,16/03/2026,A1864/26
Dispositivo Médico de Diagnóstico In-vitro,Hospitec S.A.,VIDAS® HCG,bioMérieux SA 3,16/03/2026,A1865/26
Dispositivo Médico de Diagnóstico In-vitro,Hospitec S.A.,VIDAS® HAV IgM (HAVM),bioMérieux SA 3,16/03/2026,A1866/26
Dispositivo Médico de Diagnóstico In-vitro,Hospitec S.A.,VIDAS® FT4,bioMérieux SA 3,16/03/2026,A1869/26
Dispositivo Médico de Diagnóstico In-vitro,Hospitec S.A.,VIDAS® FT3,bioMérieux SA 3,16/03/2026,A1868/26
Dispositivo Médico de Diagnóstico In-vitro,Hospitec S.A.,VIDAS® FSH,bioMérieux SA 3,16/03/2026,A1871/26
Dispositivo Médico de Diagnóstico In-vitro,Hospitec S.A.,VIDAS® CMV IgG (CMVG),bioMérieux SA 3,24/03/2026,A1892/26
Dispositivo Médico de Diagnóstico In-vitro,Hospitec S.A.,VIDAS® CA 19-9,bioMérieux SA 3,24/03/2026,A1890/26
Dispositivo Médico de Diagnóstico In-vitro,Hospitec S.A.,VIDAS® CA 125 II,bioMérieux SA 3,24/03/2026,A1891/26
Dispositivo Médico de Diagnóstico In-vitro,Hospitec S.A.,VIDAS® CA 15-3,bioMérieux SA 3,24/03/2026,A1889/26
Dispositivo Médico de Diagnóstico In-vitro,Hospitec S.A.,VIDAS® B.R.A.H.M.S. PCT,bioMérieux SA 3,28/04/2026,A1906/26
Dispositivo Médico de Diagnóstico In-vitro,Hospitec S.A.,VIDAS® 25 OH Vitamin D TOTAL,bioMérieux SA 3,28/04/2026,A1902/26
Dispositivo Médico,thl-Tecnologia Hospital e Laboratorial,Vicryl Sutura Sintetica Absorvivel (Ethicon),Johnson e John,s 07/01/2019,A252/20
Dispositivo Médico,"BIHOMEQ, LDA",Versajet II,Smith & Nephew,25/01/2024,A1396/24
Dispositivo Médico,"Citimed Healthcare, LDA.",VERBALUX® PF 10ml,NOVAX® PHAR,M 25/01/2024,A1397/24
Dispositivo Médico,Hospitec S.A.,Ventilador SV600,Shenzhen Mindr,a 05/02/2024,A1400/24
Dispositivo Médico de Diagnóstico In-vitro,Hospitec S.A.,Ventilador SV300,Shenzhen Mindr,a 05/01/2022,A808/22
Dispositivo Médico,"Moz Pharma, Lda.","Vent- Air C, Cuff- Murphy (Tubo endotraqueal com balão e olho de Murphy)",Changzhou Hua,n 30/08/2022,A1077/22
Dispositivo Médico,"Orbis Pharma, Lda.",VELTUSS® CRIANÇA,VELVET MED –,05/11/2024,A1530/24
Dispositivo Médico,"Orbis Pharma, Lda.",VELTUSS® ADULTO,VELVET MED –,05/11/2024,A1531/24
Dispositivo Médico,"Orbis Pharma, Lda.",Velderma Baby Soro Unidose,VELVET MED –,06/09/2021,A724/21
Dispositivo Médico de Diagnóstico In-vitro,"Mozambique Scientific, Lda.",VB12 Rapid Test Kit,Anbio Biotechno,03/06/2025,A1625/25
Dispositivo Médico,Kambeny Comercial Lda.,Vaseline Gauze,Jangsu Nanfang,15/05/2017,A109/17
Dispositivo Médico,"Moz Pharma, Lda.",Vagispec (Espéculo Vaginal),Changzhou Shu,a 05/07/2022,A1024/22
Dispositivo Médico,"GoldPharma, Lda",Vaginal Speculum,Guangdong Eca,n 23/05/2025,A1607/25
Dispositivo Médico,Kambeny Comercial Lda.,UVC Purelight 360 TM,UVC Purelight 3,6 13/03/2022,A882/22
Dispositivo Médico,"Lusofarma - Especialidades Farmaceuticas, Lda.",Xilaplus® Plus AF,"NOVENTURE, S",19/06/2026,A1945/26
Dispositivo Médico,Maputo Health Care Lda,Uro Cath (3-Way Foley Ballon CATETER),Romsons Intern,a 21/09/2022,A1111/22
Dispositivo Médico,"MDS - Medicamentos e Diagnóstico na Saúde, S.A.",URIT 11G,URIT Medical El,e 06/12/2016,A97/16
Dispositivo Médico,"MDS - Medicamentos e Diagnóstico na Saúde, S.A.",URIT 10V,URIT Medical El,e 06/12/2016,A98/16
Dispositivo Médico,"Mais Saúde, Lda.",Urine Reagent Strips,Life Assay Diagn,08/01/2020,A374/2020
Dispositivo Médico de Diagnóstico In-vitro,"Soulmed, Lda.",Urinalysis Reagent Strips,"Acro Biotech, In",24/07/2023,A1258/23
Dispositivo Médico de Diagnóstico In-vitro,"HAT – Health Advanced Tecnology, Lda",Urinalysis Reagent Strips,"Acro Biotech, In",25/02/2022,A870/22
Dispositivo Médico,"Prisma - Industria e Saude, Lda.","Urina – 10, Tiras reactivas para a urianálise, 10 parâmetros",CYPRESS DIAG,11/02/2022,A852/22
Dispositivo Médico de Diagnóstico In-vitro,Hospitec S.A.,URIC ACID,Beckman Coulte,28/04/2026,A1905/26
Dispositivo Médico de Diagnóstico In-vitro,Hospitec S.A.,Urea,Beckman Coulte,28/04/2026,A1904/26
Dispositivo Médico,"Afri Farmacia, Lda.",Unisynth (absorbable Surgical Synthetic),UNISUR LIFECA,22/03/2024,A1424/24
Dispositivo Médico de Diagnóstico In-vitro,"Life Care, Lda.",Uni-Gold HIV Complete,Trinity Biotech pl,17/11/2020,A521/20
Dispositivo Médico,"Farmatec, Lda.",Twin Bore Nasal Catheter (Cateter nasal com furo duplo),Lars Medicare P,16/06/2022,A985/22
Dispositivo Médico,"Makamba, Lda.","Tubo para colecta de sangue a vacuo de: 13x75-4ml2018/07/03 13x75-3.5ml; 5ml, 16x100- 8.5ml, 13x75 -4ml, 13x100 -6ml, 13x100 -10ml, 13x75-4ml,",Injex Industrias,C 13/06/2018,A160/18
Dispositivo Médico,Maputo Health Care Lda,Tubo de alimentação pediátrico,Romsons Intern,a 05/07/2021,A694/21
Dispositivo Médico,Maputo Health Care Lda,Tubo de alimentação nasogástrica,Romsons Intern,a 05/07/2021,A693/21
Dispositivo Médico de Diagnóstico In-vitro,"Soulmed, Lda.",Tuberculosis Rapid Test Cassete (Whole Blood/Serum/Plasma),"Acro Biotec, Inc",4 29/04/2024,A1438/24
Dispositivo Médico de Diagnóstico In-vitro,"Mozambique Scientific, Lda.",TT3 Rapid Test Kit,Anbio Biotechno,11/06/2025,A1632/25
Dispositivo Médico de Diagnóstico In-vitro,"Mozambique Scientific, Lda.",TSH Rapid Test Kit,Anbio Biotechno,03/06/2025,A1623/25
Dispositivo Médico,"Teccare, Lda.",TRUWAX® - CERA ÓSSEA ESTERILIZADA TRUWAX® - STERILE BONEWAX,HEALTHIUM ME,21/02/2023,A1197/23
Dispositivo Médico,"Teccare, Lda.",TRUSEAL - ADESIVO TÓPICO CUTÂNEO/COLA CIRÚRGICA TRUSEAL – TOPICAL SKIN ADHESIVE,HEALTHIUM ME,21/02/2023,A1199/23
Dispositivo Médico,"Opastac Mocambique, Lda.",Tricresol Formalina,Maquira Industri,a 30/05/2022,A934/22
Dispositivo Médico,"Medis Farmacêutica, Lda",Travel/Motorist Kit,Hi Care Medical,22/02/2021,A677/21
Dispositivo Médico,Maputo Health Care Lda,Tracheostomy Tube (TUBO DE TRAQUEOSTOMIA COM BALONETE),Romsons Intern,a 21/09/2022,A1110/22
Dispositivo Médico,Maputo Health Care Lda,Tracheostomy Tube (Cuffed),Romsons Intern,a 21/09/2022,A1112/22
Dispositivo Médico de Diagnóstico In-vitro,Hospitec S.A.,Total Protein,Beckman Coulte,28/04/2026,A1903/26
Dispositivo Médico de Diagnóstico In-vitro,Hospitec S.A.,Total Bilirubin,Beckman Coulte,16/03/2026,A1872/26
Dispositivo Médico,"Enterprise Solutions, Lda.",torneira de 3 vias (Maisway),Mais India Medic,11/05/2020,A410/20
Dispositivo Médico de Diagnóstico In-vitro,"Quimofar Produtos Quimicos Farmaceuticos e Material Hospitalar, Lda",TM FPSA Rapid Quantitative Test,Guangzhou Won,09/11/2023,A1322/23
Dispositivo Médico de Diagnóstico In-vitro,"Kelay Medical Services, Lda.",Tiras Reagentes para Urinálise (Urina),Acro Biotech Inc,27/02/2026,A1819/26
Dispositivo Médico,"TMI Healthcare, Lda.",Tiras de Glucose Oncall Extra,Acon laboratoire,s 02/03/2020,A398/20
Dispositivo Médico,"TMI Healthcare, Lda.",Tira de Analise de Urina Reativa,Nal Von Minden,02/03/2020,A400/20
Desinfectante,"Natur Pharma, Lda.","Tintura de Iodo, 30ml , 6.5%",Laboratório Mail,a 16/06/2010,D3/10
Desinfectante,"Orbis Pharma, Lda.",Tintura de Iodo Velvet Galénicos 30ml,Aliand - Laboróri,24/08/2015,D73/15
Desinfectante,"Natur Pharma, Lda.",Tintura de Iodo a 6.5%,GsL-Produtos Q,u 19/08/2015,D69/15
Desinfectante,"Medis Farmacêutica, Lda",Tintura de Iodo a 1%,HD – Hidrodipro,10/08/2023,D203/23
Desinfectante,"Farmanatural, SA","Tintura de Iodo 1%, 30ml e 500ml",AGA-Álcool e G,é 28/04/2011,D34/11
Dispositivo Médico de Diagnóstico In-vitro,"Mozambique Scientific, Lda.",TIG/Gravidez,CTKBiotech Inc-,29/01/2020,A394/20
Dispositivo Médico de Diagnóstico In-vitro,"Quimofar Produtos Quimicos Farmaceuticos e Material Hospitalar, Lda",Thrombin Time Reagent Kit (Clotting),Guangzhou Won,21/05/2024,A1439/24
Dispositivo Médico,Maputo Health Care Lda,Thoracic trocar Catheter,Romsons Intern,a 31/08/2022,A1080/22
Dispositivo Médico,"Teccare, Lda.",THERUPTOR™ NXT (Adesivos compostos 3D microbicidas),CARENOW ME,D 21/02/2023,A1200/23
Dispositivo Médico de Diagnóstico In-vitro,"HAT – Health Advanced Tecnology, Lda",Teste Rapoido de Gravidez em cassete HCG Sangue Total/Soro/Plasma,"Acro Biotech, In",21/09/2022,A1106/22
Dispositivo Médico de Diagnóstico In-vitro,"Afri Farmacia, Lda.",Teste rapidp de H. Pylori,Hangzhou Biote,c 22/11/2021,A761/21
Dispositivo Médico de Diagnóstico In-vitro,"Kelay Medical Services, Lda.",Teste Rápido Em Cassete de Sífilis,Acro Biotech Inc,27/02/2026,A1822/26
Dispositivo Médico de Diagnóstico In-vitro,"Kelay Medical Services, Lda.","ACRO Teste Rápido para Febre Tifóide IgG/IgM (SANGUE Total, soro e Plasma)",Acro Biotech Inc,03/03/2026,A1838/26
Dispositivo Médico de Diagnóstico In-vitro,"Kelay Medical Services, Lda.",Teste Rápido HBsAg,Acro Biotech Inc,03/03/2026,A1842/26
Dispositivo Médico de Diagnóstico In-vitro,"Kelay Medical Services, Lda.",Teste Rápido em Cassete para Tuberculose,Acro Biotech Inc,27/02/2026,A1821/26
Dispositivo Médico de Diagnóstico In-vitro,"Kelay Medical Services, Lda.",Teste Rápido em Cassete Malária P.f./P.v./Pan (Sangue Total),Acro Biotech Inc,28/04/2026,A1900
Dispositivo Médico de Diagnóstico In-vitro,JM-Sistecnologias Sistemas e Tecnologias Lab.,Teste rapido de Toxo IgG/IgM Combo Rapid Test,"CTK Biotech, Inc",09/10/2020,A572/20
Dispositivo Médico de Diagnóstico In-vitro,"Afri Farmacia, Lda.",Teste Rapido de Sifilis,Hangzhou Biote,c 22/11/2021,A760/21
Dispositivo Médico de Diagnóstico In-vitro,"HAT – Health Advanced Tecnology, Lda",Teste Rapido de Sifilis,"Acro Biotech, In",04/03/2022,A871/22
Dispositivo Médico de Diagnóstico In-vitro,"Afri Farmacia, Lda.",Teste rapido de Malaria,Hangzhou Biote,c 22/11/2021,A762/21
Dispositivo Médico de Diagnóstico In-vitro,"Afri Farmacia, Lda.",Teste rapido de hepatite C,Hangzhou Biote,c 22/11/2021,A756/21
Dispositivo Médico de Diagnóstico In-vitro,"Afri Farmacia, Lda.",Teste Rapido de Hepatite A e B,Hangzhou Biote,c 22/11/2021,A757/21
Dispositivo Médico de Diagnóstico In-vitro,"Lua comercio, Limitada",Teste Rapido de Gravidez,Oscar Medicare,24/10/2019,A336/19
Dispositivo Médico de Diagnóstico In-vitro,"Sovipe Medis, Lda.",Teste Rapido de Gravidez,Oscar Medicare,26/07/2020,A447/20
Dispositivo Médico de Diagnóstico In-vitro,"Kelay Medical Services, Lda.",Teste Rapido de Gravidez,Acro Biotech Inc,28/04/2026,A1901/26
Dispositivo Médico de Diagnóstico In-vitro,"Afri Farmacia, Lda.",Teste rapido de Gonorreia,Hangzhou Biote,c 22/11/2021,A759/21
Dispositivo Médico de Diagnóstico In-vitro,"Afri Farmacia, Lda.",Teste rapido de clamidia,Hangzhou Biote,c 22/11/2021,A758/21
Dispositivo Médico de Diagnóstico In-vitro,"Kelay Medical Services, Lda.",Cassete de Teste Rápido de Anticorpos H. pylori (Sangue Total/Soro/Plasma),Acro Biotech Inc,27/02/2026,A1817/26
Dispositivo Médico de Diagnóstico In-vitro,"Lua comercio, Limitada",Teste One Step HCG (Cassette),Aura Pharmaceu,23/10/2019,A336/19
Dispositivo Médico de Diagnóstico In-vitro,"Neopharma, LDA.",Teste Elisa Ag-Ab para HIV,"In Tec products,",17/08/2020,A460/20
Dispositivo Médico,"TMI Healthcare, Lda.",Teste de malaria 4 Especies,Nal Von Minden,02/03/2020,A401/20
Dispositivo Médico de Diagnóstico In-vitro,"Sovipe Medis, Lda.",Teste de Malaria,Oscar Medicare,26/07/2020,A479/20
Dispositivo Médico de Diagnóstico In-vitro,"Mozambique Scientific, Lda.",Teste de Malária,CTKBiotech Inc-,29/01/2020,A391/20
Dispositivo Médico de Diagnóstico In-vitro,"Muretxepharma, SA.",Teste de gravidez mx™ MIDSTREAM,Medical Diagnos,01/04/2022,A897/22
Dispositivo Médico,"Farmaceutica Austral, Lda.",Teste de embarazo aposan,Sanavita Pharm,a 30/10/2019,A320/19
Dispositivo Médico de Diagnóstico In-vitro,"Lua comercio, Limitada",Teste de antigeno de Malaria (Pf),Oscar Medicare,13/02/2020,A376/20
Dispositivo Médico de Diagnóstico In-vitro,JM-Sistecnologias Sistemas e Tecnologias Lab.,Saliva Alcohol Test Strip,Atlas Link (Bellin,09/10/2020,A568/20
Dispositivo Médico de Diagnóstico In-vitro,JM-Sistecnologias Sistemas e Tecnologias Lab.,6-In-1 Multi-Drug Urine Test,Atlas Link (Bellin,09/10/2020,A558/20
Dispositivo Médico de Diagnóstico In-vitro,JM-Sistecnologias Sistemas e Tecnologias Lab.,10-In-1 Multi-Drug Urine Test,Atlas Link (Bellin,09/10/2020,A553/20
Dispositivo Médico de Diagnóstico In-vitro,"Mozambique Scientific, Lda.",TES Rapid Test Kit,Anbio Biotechno,11/06/2025,A1631/25
Dispositivo Médico,"Medis Farmacêutica, Lda",Tasectan Po,"Noventure, S.L.,",21/12/2018,A244/18
Dispositivo Médico,"Medis Farmacêutica, Lda",Tasectan Capsulas,"Noventure, S.L.,",21/12/2018,A245/18
Dispositivo Médico de Diagnóstico In-vitro,Healthcare Solucoes Lda,"TaqPath COVID-19 RT-PCR kit, cod:A48102",Qiagen GmbH Q,30/05/2022,AUE23/22
Desinfectante,"Medis Farmacêutica, Lda",TANTUM- PROTECT MENTA FRESCA,Aziende Chimich,29/02/2012,D47/12
Desinfectante,"Medis Farmacêutica, Lda",TANTUM PROTECT MENTA,Aziende Chimich,29/02/2012,D50/12
Dispositivo Médico,"Orbis Pharma, Lda.",TAMARIFLUX,"S.I.I.T. S.r.l, Via",A 12/04/2023,A1216/23
Dispositivo Médico de Diagnóstico In-vitro,"Soulmed, Lda.",Syphilis Rapid Test Cassete (Whole Blood/Serum/Plasma),"Acro Biotec, Inc",4 29/04/2024,A1437/24
Dispositivo Médico,"Becare, Lda.",Synthecon Silk,Sythecon Soture,15/03/2022,A886/22
Dispositivo Médico,"Becare, Lda.",Synthecon Poyester,Sythecon Soture,05/01/2022,A816/22
Dispositivo Médico,"Becare, Lda.",Synthecon Polypropylene,Sythecon Soture,05/01/2022,A819/22
Dispositivo Médico,"Becare, Lda.",Synthecon Plain Catgut,Sythecon Soture,05/01/2022,A817/22
Dispositivo Médico,"Becare, Lda.",Synthecon PGLA (Synclyl),Sythecon Soture,05/01/2022,A820/22
Dispositivo Médico,"Becare, Lda.",Synthecon PGA Synthabs,Sythecon Soture,05/01/2022,A815/22
Dispositivo Médico,"Becare, Lda.",Synthecon PGA (Rapide),Sythecon Soture,05/01/2022,A821/22
Dispositivo Médico,"Becare, Lda.",Synthecon PDO,Sythecon Soture,05/01/2022,A814/22
Dispositivo Médico,"Becare, Lda.",Synthecon Nylon,Sythecon Soture,05/01/2022,A812/22
Dispositivo Médico,"Becare, Lda.",Synthecon Mocryl,Sythecon Soture,05/01/2022,A818/22
Dispositivo Médico,"Becare, Lda.",Synthecon Chromic Catgut,Sythecon Soture,05/01/2022,A813/22
Dispositivo Médico de Diagnóstico In-vitro,Hospitec S.A.,SynoVent E5,Shenzhen Mindr,a 05/01/2022,A809/22
Dispositivo Médico,"MC Dentaltech, Lda.",Synergy D6 Flow,Coltene/Whaled,e 06/07/2018,A168/18
Dispositivo Médico,"MC Dentaltech, Lda.",Synergy D6,Coltene/Whaled,e 06/07/2018,A169/18
Dispositivo Médico,"Teccare, Lda.",Surgispon (Esponja Hemostatica de gelatina Absorvivel),AEGIS Lifescien,c 05/06/2023,A1240/23
Dispositivo Médico,"Teccare, Lda.",SURGIPLER® Agrafador Cutâneo Estéril,HEALTHIUM ME,21/02/2023,A1196/23
Dispositivo Médico,"TMI Healthcare, Lda.",Surgicryl,SMI AG - Steine,b 02/03/2020,A397/20
Dispositivo Médico de Diagnóstico In-vitro,"Afri Farmacia, Lda.",Surgical powdered gloves,Adeshwar Medit,e 15/03/2022,A884/22
Dispositivo Médico,"Mel Doce, Lda.",Surgical gloves Sterile (Luvas cirurgicas de latex esteries),Daas Healthcare,28/03/2022,A893/22
Dispositivo Médico,"Generics & Specialities, Lda.",Surgical Gloves 8,Kanam Latex-In,d 30/10/2019,A333/19
Dispositivo Médico,"Generics & Specialities, Lda.",Surgical Gloves 7.5,Kanam Latex-In,d 30/10/2019,A332/19
Dispositivo Médico,"Generics & Specialities, Lda.",Surgical Gloves 7,Kanam Latex-In,d 30/10/2019,A331/19
Dispositivo Médico,"Generics & Specialities, Lda.",Surgical Gloves 6.5,Kanam Latex-In,d 30/10/2019,A330/19
Dispositivo Médico,"Medicura, Lda.",Surgical Blade N.12,Medicare Hygien,28/10/2019,A364/19
Dispositivo Médico,"Medicura, Lda.",Surgical Blade N.11,Medicare Hygien,28/10/2019,A363/19
Dispositivo Médico,"Medicura, Lda.",Surgical Blade N.10,Medicare Hygien,28/10/2019,A362/19
Dispositivo Médico de Diagnóstico In-vitro,"Afri Farmacia, Lda.","Surgical Blade N 21, 24",First Care Surgic,30/05/2022,A918/22
Dispositivo Médico,"Teccare, Lda.",Surgi - ORC® ABSORBABLE HAEMOSTAT (Oxidized regenerated celulose),AEGIS Lifescien,c 05/06/2023,A1242/23
Desinfectante,"HAT – Health Advanced Tecnology, Lda",Sure-Clean Solution,Acu-Sol (Pty) Ltd,04/06/2021,D175/21
Desinfectante,"HAT – Health Advanced Tecnology, Lda",Sure - Gel,Acu-Sol (Pty) Ltd,04/06/2021,D176/21
Dispositivo Médico,"Medi-Saude, Lda.",Suplipharm Saline Nasal Spray Kids,Fabupharm ( PT,Y 20/07/2022,A1037/22
Desinfectante,"Pulse Moz Healthcare, Lda.",Styrum ORS,Stryrun Healthca,30/05/2022,D660/22
Dispositivo Médico de Diagnóstico In-vitro,"Soulmed, Lda.",Strep B Rapid Test (Swab),"Acro Biotech, In",c 09/11/2023,A1352/23
Dispositivo Médico,"Farmatec, Lda.","Sterile Latex Sururgical Gloves Powedered, (Luvas cirúrgicas estéreis de latex com pó)",Lars Medicare P,16/06/2022,A987/22
Dispositivo Médico,"Bpharma, Lda.",Sterile Latex Sururgical Gloves Powedered Free (Luvas cirúrgicas de exame esterilem latex sem pó),Asma Rubber Pr,08/02/2023,A1193/23
Dispositivo Médico,"Teccare, Lda.","Sterile Latex Surgical Gloves – Powdered (Luvas Cirúrgicas de Látex Estéreis - com Pó),",ST. Marys Rubb,e 16/06/2022,A988/22
Dispositivo Médico,"Farmatec, Lda.",Sterile Hemodialysis Blood Circuits For Single Use,Jiangxi Sanxin M,31/08/2022,A1081/22
Dispositivo Médico,Medafrica Lda,Sterile Gauze Swabs,Suzhou Sunmed,10/12/2017,A1790/17
Dispositivo Médico,Shahombe S.A.,Sterile Foley Catheter,Alpha medicare,a 05/08/2022,A1060/22
Dispositivo Médico,"EMS Pharma, Lda.",STARBALM® Warm Gel,"Novum Pharma,",14/09/2021,A748/21
Dispositivo Médico,"EMS Pharma, Lda.",STARBALM® Cold Spray,"Novum Pharma,",14/09/2021,A750/21
Dispositivo Médico,"EMS Pharma, Lda.",STARBALM® Muscle Spray,"Novum Pharma,",14/09/2021,A747/21
Dispositivo Médico de Diagnóstico In-vitro,"Brandel Health, Lda.",Standard tm M nCov Real- Time Detection Kit,"SD Biosensor, In",06/01/2022,AUE14/22
Dispositivo Médico de Diagnóstico In-vitro,"Brandel Health, Lda.",STANDARD QHCV Ab,SD BIOSENSOR,09/11/2023,A1344/23
Dispositivo Médico de Diagnóstico In-vitro,"Brandel Health, Lda.",STANDARD QHCV Ab,SD BIOSENSOR,09/11/2023,A1345/23
Dispositivo Médico de Diagnóstico In-vitro,"Brandel Health, Lda.",Standard Q Syphilis Ab,"SD Biosensor, In",23/11/2021,A762/21
Dispositivo Médico de Diagnóstico In-vitro,"Brandel Health, Lda.",Standard Q Malaria P.f./Pan Ag,"SD Biosensor, In",23/11/2021,A654/21
Dispositivo Médico de Diagnóstico In-vitro,"Brandel Health, Lda.",Standard Q Malaria P.f. Ag,"SD Biosensor, In",23/11/2021,A763/21
Dispositivo Médico de Diagnóstico In-vitro,"Brandel Health, Lda.",STANDARD Q Malaria P.f Ag,SD BIOSENSOR,02/07/2025,A1448/24
Dispositivo Médico de Diagnóstico In-vitro,"Brandel Health, Lda.",STANDARD Q hs-Malaria P.f Ag Test,SD BIOSENSOR,24/03/2026,A1875/26
Dispositivo Médico de Diagnóstico In-vitro,"Brandel Health, Lda.",Standard Q Hpylory Ab,"SD Biosensor, In",21/02/2023,A1204/23
Dispositivo Médico de Diagnóstico In-vitro,"Brandel Health, Lda.",Standard Q HIV 1/2 Ab 3-Line,"SD Biosensor, In",15/03/2021,A885/22
Dispositivo Médico de Diagnóstico In-vitro,"Brandel Health, Lda.",Standard Q HIV /Syphilis Combo,"SD Biosensor, In",23/11/2021,A761/21
Dispositivo Médico de Diagnóstico In-vitro,"Brandel Health, Lda.",STANDARD Q HCV Ab,SD BIOSENSOR,13/09/2023,A1299/23
Dispositivo Médico de Diagnóstico In-vitro,"Brandel Health, Lda.",Standard Q HBsAg,"SD Biosensor, In",21/02/2023,A1203/23
Dispositivo Médico de Diagnóstico In-vitro,"Brandel Health, Lda.",STANDARD Q HAV IgM,SD BIOSENSOR,10/08/2023,A1270/23
Dispositivo Médico de Diagnóstico In-vitro,"Brandel Health, Lda.",STANDARD Q H. pylori Ag,SD BIOSENSOR,10/08/2023,A1269/23
Dispositivo Médico de Diagnóstico In-vitro,"Brandel Health, Lda.",Standard Q Dengue Duo,"SD Biosensor, In",21/02/2023,A1202/23
Dispositivo Médico de Diagnóstico In-vitro,"Brandel Health, Lda.",STANDARD Q COVID-19 IgM/IgG Plus,SD BIOSENSOR,10/08/2023,AUE30/23
Dispositivo Médico de Diagnóstico In-vitro,"Brandel Health, Lda.",Standard Q Covid-19 Ag (Nasal),"SD Biosensor, In",30/05/2022,AUE20/22
Dispositivo Médico de Diagnóstico In-vitro,"Brandel Health, Lda.",Standard Q Covid-19 Ag,"SD Biosensor, In",08/04/2021,AUE03/21
Dispositivo Médico de Diagnóstico In-vitro,"Brandel Health, Lda.",STANDARD Q COVID/Flu Ag Combo,SD BIOSENSOR,09/11/2023,AUE32/23
Dispositivo Médico de Diagnóstico In-vitro,"Brandel Health, Lda.",STANDARD Q Anti-HBs,SD BIOSENSOR,13/09/2023,A1298/23
Dispositivo Médico de Diagnóstico In-vitro,"Brandel Health, Lda.",Standard M10 SARS-CoV-2,"SD Biosensor, In",30/05/2022,AUE22/22
Dispositivo Médico de Diagnóstico In-vitro,"Brandel Health, Lda.",STANDARD M10 MTB/NTM,SD BIOSENSOR,07/06/2025,A1446/24
Dispositivo Médico de Diagnóstico In-vitro,"Brandel Health, Lda.",STANDARD M10 MDR-TB,SD BIOSENSOR,07/06/2025,A1445/24
Dispositivo Médico de Diagnóstico In-vitro,"Brandel Health, Lda.",STANDARD M10 HPV,SD BIOSENSOR,07/06/2025,A1444/24
Dispositivo Médico de Diagnóstico In-vitro,"Brandel Health, Lda.",Standard M10 Flu/RSV/SARS-Cov-2,"SD Biosensor, In",10/01/2024,AUE33/24
Dispositivo Médico de Diagnóstico In-vitro,"Brandel Health, Lda.",STANDARD M10 Arbovirus Panel,SD BIOSENSOR,09/11/2023,A346/23
Dispositivo Médico de Diagnóstico In-vitro,"Brandel Health, Lda.",Standard glucose control Soluction,"SD Biosensor, In",02/06/2022,A971/22
Dispositivo Médico de Diagnóstico In-vitro,"Brandel Health, Lda.",STANDARD F Vitamin D FIA,SD BIOSENSOR,07/06/2025,A1443/24
Dispositivo Médico de Diagnóstico In-vitro,"Brandel Health, Lda.",STANDARD F U-Albumin FIA,SD BIOSENSOR,09/11/2023,A1343/23
Dispositivo Médico de Diagnóstico In-vitro,"Brandel Health, Lda.",STANDARD F TSH-II FIA,SD BIOSENSOR,09/11/2023,A1342/23
Dispositivo Médico de Diagnóstico In-vitro,"Brandel Health, Lda.",STANDARD F TnI/CK-MB Combo FIA,SD BIOSENSOR,09/11/2023,A1341/23
Dispositivo Médico de Diagnóstico In-vitro,"Brandel Health, Lda.",STANDARD F T4,SD BIOSENSOR,16/03/2026,A1847/26
Dispositivo Médico de Diagnóstico In-vitro,"Brandel Health, Lda.",STANDARD F T3,SD BIOSENSOR,16/03/2026,A1846/26
Dispositivo Médico de Diagnóstico In-vitro,"Brandel Health, Lda.",STANDARD F PSA FIA,SD BIOSENSOR,09/11/2023,A1340/23
Dispositivo Médico de Diagnóstico In-vitro,"Brandel Health, Lda.",STANDARD F LH FIA,SD BIOSENSOR,09/11/2023,A1334/23
Dispositivo Médico de Diagnóstico In-vitro,"Brandel Health, Lda.",STANDARD F iFOB FIA,SD BIOSENSOR,09/11/2023,A1339/23
Dispositivo Médico de Diagnóstico In-vitro,"Brandel Health, Lda.",STANDARD F HbA1c FIA,SD BIOSENSOR,09/11/2023,A1336/23
Dispositivo Médico de Diagnóstico In-vitro,"Brandel Health, Lda.",STANDARD F fT4,SD BIOSENSOR,24/03/2026,A1876/26
Dispositivo Médico de Diagnóstico In-vitro,"Brandel Health, Lda.",STANDARD F D-dimer FIA,SD BIOSENSOR,09/11/2023,A1338/23
Dispositivo Médico de Diagnóstico In-vitro,"Brandel Health, Lda.",STANDARD F CRP FIA,SD BIOSENSOR,09/11/2023,A1337/23
Dispositivo Médico de Diagnóstico In-vitro,"Brandel Health, Lda.",Standard F Covid-19 Ag FIA,"SD Biosensor, In",30/05/2022,AUE21/22
Dispositivo Médico de Diagnóstico In-vitro,"Brandel Health, Lda.",STANDARD F B-hCG FIA,SD BIOSENSOR,09/11/2023,A1335/23
Dispositivo Médico,"Orbis Pharma, Lda.",Spasmurin,Labialfarma - La,b 18/11/2015,A65/15
Dispositivo Médico,"Farmaceutica Austral, Lda.",SORO FISIOLÓGIO QI,Unirex Healthca,r 17/03/2025,A1565/25
Desinfectante,"Farmanatural, SA",soro fisiologico0.9%,Unirex Healthca,r 04/08/2017,D225/17
Desinfectante,"Natur Pharma, Lda.","Soro Fisiologico, 60 ml/30ml",Aliand - Laboróri,25/07/2011,D35/11
Dispositivo Médico,"Orbis Pharma, Lda.",Soro Fisiológico Spray Velvet Galénicos 60ml,Aliand - Laboróri,24/08/2015,A50/15
Dispositivo Médico,"Medis Farmacêutica, Lda",Soro fisiologico Gestafarma 60ml,Alliand- Laborat,o 02/01/2018,A301/18
Dispositivo Médico,"Lusofarma - Especialidades Farmaceuticas, Lda.",Soro Fisiologico - Codilab 60ml,AGA-Álcool e G,é 22/02/2021,A631/21
Dispositivo Médico,"Natur Pharma, Lda.",Soro Fisiologico,AGA-Álcool e G,é 02/06/2017,A112/17
Desinfectante,"Orbis Pharma, Lda.",Soluto de Dakin Velvet Galénicos 1L,Aliand - Laboróri,24/08/2015,D71/15
Desinfectante,"Farmaceutica Austral, Lda.",SOLUTO DAKIN,Unirex Healthca,r 16/12/2024,D216/24
Desinfectante,"Medis Farmacêutica, Lda",Solução Aquosa de Iodopovidona 10%,ProdutosQuimic,o 17/08/2020,D144/20
Desinfectante,"BioImport, Lda",Softcare Des E H5,Diversey South,A 23/12/2021,D183/21
Desinfectante,"BioImport, Lda",Softacare Med H5,Diversey South,A 23/12/2021,D182/21
Desinfectante,"BioImport, Lda",Soft Care Handasept,Diversey South,A 23/12/2021,D181/21
Dispositivo Médico,"TMI Healthcare, Lda.",Snup® 1mg/ml,Fabricante,02/03/2020,A404/20
Dispositivo Médico,"TMI Healthcare, Lda.",Snup® 0.5mg/ml,Fabricante,02/03/2020,A403/20
Dispositivo Médico,"NAS Produtos Farmaceuticos, Lda.",Sistema para Soros Descartável de 20 Gotas,Yangzhou Super,01/09/2023,A1284/23
Dispositivo Médico,Maputo Health Care Lda,Sistema de transfusão de sangue,Romsons Intern,a 05/07/2021,A695/21
Dispositivo Médico,Maputo Health Care Lda,Sistema de Sucção,Romsons Intern,a 05/07/2021,A696/21
Dispositivo Médico,"Opastac Mocambique, Lda.",Sistema de de Geracao de Oxigenio Medicinal - Marca Oxygen,"Sysadvance, sis",t 28/12/2016,A99/16
Dispositivo Médico,Maputo Health Care Lda,Sistema de Administracao de grandes volumes,Romsons Intern,a 04/06/2021,A683/21
Dispositivo Médico,"Teccare, Lda.",Sironix-Proloop Adjustable loop uhmwpe suture tittanium button,HEALTHIUM ME,05/02/2025,A1562/25
Dispositivo Médico,"Teccare, Lda.",Sironix – Viplox – Knotless PEEK Anchor with Titanium Tip,HEALTHIUM ME,14/01/2025,A1559/25
Dispositivo Médico,"Teccare, Lda.",SIRONIX - VIPLOK (KNOTLESS PLDLA+β-TCP ANCHOR WITH TITANIUM TIP),HEALTHIUM ME,24/04/2025,A1590/25
Dispositivo Médico,"Teccare, Lda.",SIRONIX - VIPLOK (KNOTLESS PLDLA+β-TCP ANCHOR WITH PEEK TIP(,HEALTHIUM ME,24/04/2025,A1589/25
Dispositivo Médico,"Teccare, Lda.",SIRONIX - VIPLOK (KNOTLESS PEEK ANCHOR WITH PEEK TIP),HEALTHIUM ME,24/04/2025,A1588/25
Dispositivo Médico,"Teccare, Lda.",SIRONIX – T-BUTTONTM-A (ADJUSTABLE LOOP UHMWPE SUTURE PEEK BUTTON),HEALTHIUM ME,05/02/2025,A1561/25
Dispositivo Médico,"Teccare, Lda.",SIRONIX – T-BUTTON®-S (ADJUSTABLE LOOP UHMWPE SUTURE PEEK BUTTON),HEALTHIUM ME,21/03/2025,A1564/25
Dispositivo Médico,"Teccare, Lda.",Sironix – Surestitch – Uhmwpe Suture Peek Button Meniscus Repair Implant,HEALTHIUM ME,14/01/2025,A1558/26
Dispositivo Médico,"Teccare, Lda.",SIRONIX – STATIV - KNOTTED UHMWPE SUTURE ANCHOR,HEALTHIUM ME,24/04/2025,A1586/25
Dispositivo Médico,"Teccare, Lda.",Sironix - Infiloop - Fixed Loop Uhmwpe Suture Titanium Button,HEALTHIUM ME,05/02/2025,A1563/25
Dispositivo Médico,"Teccare, Lda.",Sironix – Helysis – Titanium Interference Screw,HEALTHIUM ME,14/01/2025,A1557/25
Dispositivo Médico,"Teccare, Lda.",SIRONIX - HELYSIS - PLDLA+β-TCP INTERFERENCE SCREW,HEALTHIUM ME,23/05/2025,A1599/25
Dispositivo Médico,"Teccare, Lda.",Sironix – Helysis – PEEK Interference Screw,HEALTHIUM ME,14/01/2025,A1556/25
Dispositivo Médico,"Teccare, Lda.",SIRONIX – CEPTRE - KNOTTED UHMWPE SUTURE TITANIUM ANCHOR,HEALTHIUM ME,23/05/2025,A1597/25
Dispositivo Médico,"Teccare, Lda.",SIRONIX – CEPTRE - KNOTTED UHMWPE SUTURE PLDLA+β-TCP ANCHO,HEALTHIUM ME,23/05/2025,A1598/25
Dispositivo Médico,"Teccare, Lda.",SIRONIX - CEPTRE - KNOTTED UHMWPE SUTURE PEEK ANCHOR,HEALTHIUM ME,24/04/2025,A1587/25
Dispositivo Médico,"Medis Farmacêutica, Lda",Sinomarin Criança/infantil,Gerolymatos Int,e 12/08/2016,A94/16
Dispositivo Médico,"Medis Farmacêutica, Lda",Sinomarin Bebés,Gerolymatos Int,e 12/08/2016,A95/16
Dispositivo Médico,"Medis Farmacêutica, Lda",Sinomarin Adulto,Gerolymatos Int,e 12/08/2016,A93/16
Dispositivo Médico,"Moz Pharma, Lda.","SilkeMed (Algalia de foley de 2 vias em latex, 100% Siliconada)",Zhanjiang Star E,30/08/2022,A1075/22
Dispositivo Médico,"TMI Healthcare, Lda.",Silk,SMI AG - Steine,b 02/03/2020,A402/20
Dispositivo Médico,"Moz Pharma, Lda.",SilikoMed Uro-Cath,Hangzhou Supe,r 20/07/2022,A1043/22
Dispositivo Médico,"GoldPharma, Lda",Silicone Gel for Scar Redc Tind 20g,Jiangsu Kangyo,u 11/06/2025,A1610/25
Dispositivo Médico de Diagnóstico In-vitro,"Mozambique Scientific, Lda.",Sifilis,CTKBiotech Inc-,29/01/2020,A396/20
Dispositivo Médico,"Soulmed, Lda.",Sickle SCAN,"BioMedomics, 1",1 24/07/2023,A1253/23
Dispositivo Médico,"Sibiodi, Lda.","Sibifarmaco Seringa Descartavel (Desposable Syringe) de 3ml, 5ml e 10ml",Anhui Kangning,31/08/2022,A1050/22
Dispositivo Médico,"Makamba, Lda.",Seringas descartavel sem agulha Tuberculina 1ml,Injex Industrias,C 13/06/2018,A159/18
Dispositivo Médico,"Makamba, Lda.","Seringas descartavel sem agulha de 1ml insulina, 1ml de tuberculina, 3,5, 10 ,20 e 60ml,",Injex Industrias,C 13/06/2018,A159/18
Dispositivo Médico,"Aster Care Medica & Farma, Lda.",Seringas Descartaveis com Agulhas,Yanghou Golden,15/03/2022,A880/22
Dispositivo Médico,"Makamba, Lda.","Seringas descartaveis com agulha (0. 5, 1 ml unibody insulina), com agulha (3, 5, 10, 20ml),(1ml tuberculina),( 1 ml insulina),",Injex Industrias,C 18/06/2018,A167/18
Dispositivo Médico,"WellWorth, Lda.",Seringas de 5ml com agulahs de 22Gx1.1/4,Anhui Tiankang,M 05/07/2013,A5/13
Dispositivo Médico,thl-Tecnologia Hospital e Laboratorial,Seringas BD Prest TM Critical Collection,"Betcon, Dicknso",n 05/07/2022,A1018/22
Dispositivo Médico de Diagnóstico In-vitro,"Lua comercio, Limitada",Seringa Hipodermica descartavel esteril 10ml (Sterile Disposable Hypodermic Syringe),PH Healthcare P,13/02/2020,A375/20
Dispositivo Médico,"Promedical, Lda.",Seringa Hipodérmica Descartável (Sterile Disposable Hypodermic Syringe),Yuhan Darppon,M 08/08/2021,A1789/21
Dispositivo Médico,thl-Tecnologia Hospital e Laboratorial,Seringa BD A-Line tm Critical Care Collection,"Betcon, Dicknso",n 05/07/2022,A1020/22
Dispositivo Médico,Ace-HealthCare Lda,seringa 20ml,Farmasino Phar,m 10/05/2019,A316/19
Dispositivo Médico,Ace-HealthCare Lda,seringa 10ml,Farmasino Phar,m 10/05/2019,A315/19
Dispositivo Médico,Ace-HealthCare Lda,seringa 5ml,Farmasino Phar,m 10/05/2019,A314/19
Antisseptico,"Galaxy Farmacêutica, Lda.",Septileb Antiseptic Liquid,LEBEN LABOR,A 24/04/2025,D220/25
Dispositivo Médico,"Orbis Pharma, Lda.",Senti2 solução única para lentes de contacto gelatinosas,STERICON PHA,31/07/2024,A1450/24
Dispositivo Médico,"Orbis Pharma, Lda.",Senti 2 Spray Natal Isotónico,Sol de Dial Av. S,01/03/2023,A1207/23
Dispositivo Médico,"WellWorth, Lda.",SENSOLITE NOVA - Tira de teste de glicose no sangue,77 Elektronika K,f 03/10/2013,A12/13
Dispositivo Médico,"WellWorth, Lda.",SENSOLITE NOVA - medidor de glicose,77 Elektronika K,f 25/03/2013,A6/13
Dispositivo Médico,thl-Tecnologia Hospital e Laboratorial,Self FLOQSwabs,Copan Italia S.P.,10/08/2023,A1271/23
Dispositivo Médico de Diagnóstico In-vitro,"Mozambique Scientific, Lda.",Seamaty General Chemistry V Kit,Mindray Bulding,", 01/06/2026",A1916/26
Dispositivo Médico de Diagnóstico In-vitro,"Mozambique Scientific, Lda.",Seamaty General Chemistry III Kit,Mindray Bulding,", 01/06/2026",A1915/26
Dispositivo Médico de Diagnóstico In-vitro,"Brandel Health, Lda.",SD CodeFree Blood Glucose Test System,"SD Biosensor, In",02/06/2022,A973/22
Dispositivo Médico de Diagnóstico In-vitro,"Brandel Health, Lda.",SD CodeFree Blood Glucose Test Strip,"SD Biosensor, In",02/06/2022,A972/22
Dispositivo Médico de Diagnóstico In-vitro,thl-Tecnologia Hospital e Laboratorial,SCS-1000,Sysmex Corpora,16/09/2020,A464/20
Desinfectante,"Natur Pharma, Lda.",Savicrub® Clorhexidina digluconato 4%,"Sanoderm, Indu",s 17/08/2020,D143/20
Desinfectante,"Natur Pharma, Lda.",Savicrub® - Cet C +C,"Sanoderm, Indu",s 27/07/2020,D142/20
Dispositivo Médico de Diagnóstico In-vitro,thl-Tecnologia Hospital e Laboratorial,SARS-CoV-2 Rapid Antigen Test,"SD Biosensor, In",23/11/2021,AUE12/21
Dispositivo Médico de Diagnóstico In-vitro,"Aster Care Medica & Farma, Lda.",SARS-CoV-2 Antigen Test Kit (LFIA),Jiangsu Medomi,c 23/11/2021,AUE19/21
Dispositivo Médico,Kambeny Comercial Lda.,SARS-CoV-2 Antigen Rapid test Kit (colloidal gold Immunochromatography),Shenzhen Leafli,f 15/03/2021,AUE01/21
Desinfectante,Medimesh Lda,SaniDyne,Sanichem (Pty)L,03/07/2025,D221/25
Dispositivo Médico,"EMS Pharma, Lda.",SALINE NOSE SPRAY,Bennetts The Ch,22/11/2021,A755/21
Dispositivo Médico,Kambeny Comercial Lda.,Safe ACCU2 blood glucose Monitoring System,Sinocare- Chang,29/04/2021,A666/21
Dispositivo Médico,Kambeny Comercial Lda.,Safe ACCU2 blood glucose Monitoring System,Sinocare- Chang,21/07/2021,A722/21
Dispositivo Médico,"Prisma - Industria e Saude, Lda.",RPR Carbon K,CYPRESS DIAG,11/02/2022,A850/22
Dispositivo Médico,Kambeny Comercial Lda.,Rolo adesivo,Jangsu Nanfang,15/05/2017,A110/17
Dispositivo Médico de Diagnóstico In-vitro,"Afri Farmacia, Lda.",RightSign LH Ovulation Rapid Test Strip (Urine) VALERIANA 500 MG,Hangzhou Biote,c 03/12/2021,A774/21
Dispositivo Médico de Diagnóstico In-vitro,"Afri Farmacia, Lda.",RightSign LH Ovulation Rapid Test Strip (Urine),Hangzhou Biote,c 03/12/2021,A775/21
Dispositivo Médico,"Prisma - Industria e Saude, Lda.","RF – Látex, 100 testes",CYPRESS DIAG,11/02/2022,A848/22
Dispositivo Médico,"Farmaceutica Austral, Lda.",Rezitop Spray Nasal,bitop AG Stocku,m 07/12/2015,A84/15
Dispositivo Médico,Kambeny Comercial Lda.,Reverse Diluent Ortho BioVue® System,Ortho-Clinical Di,a 24/10/2022,A1151/22
Desinfectante,Ace-HealthCare Lda,Requilyte/ MEDICAMENTO,Biomatrix Health,25/05/2017,D224/17
Dispositivo Médico,"Opastac Mocambique, Lda.",Renw Universal,Prevest Denpro,L 24/10/2022,A1141/22
Dispositivo Médico,"Opastac Mocambique, Lda.",Renew MDP,Prevest Denpro,L 24/10/2022,A1144/22
Dispositivo Médico,"TMI Healthcare, Lda.",Rejet 25%,"Uniao Quimica, f",13/04/2020,A405/20
Dispositivo Médico,Healthcare Solucoes Lda,Reagente Enzimatico de sodio,Randox Laborat,o 16/05/2022,A989/22
Dispositivo Médico de Diagnóstico In-vitro,STARPHARMACOMÉRCIO E.I,Reactif Urinalisys Strips,Nal VonMinden,G 01/04/2024,A1428/24
Dispositivo Médico de Diagnóstico In-vitro,"Lua comercio, Limitada",Rapid test Card/divice for detection of malaria Pf antigen,Aura Pharmaceu,21/08/2019,A333/19
Dispositivo Médico,"Teccare, Lda.",Rapid SARS-CoV-2 Antigen Test,"Intec Produtcts,",I 04/02/2022,AUE17/22
Dispositivo Médico,"GoldPharma, Lda",Qinye Umbilical Cord Clamp Clamp,Jiangsu Kangyo,u 11/06/2025,A1609/25
Dispositivo Médico de Diagnóstico In-vitro,Healthcare Solucoes Lda,QIAmp Viral RNA Mini Kit,"Quiagen GmbH,",12/09/2022,A1097/22
Desinfectante,"WellWorth, Lda.","Pyodine Surgical Scrub (povidonea-iodo 7,5% solucao de limpeza USP)",Brookes Pharma,29/12/2017,D97/17
Desinfectante,"WellWorth, Lda.",Pyodine Solution,Brookes Pharma,29/12/2017,D99/17
Desinfectante,"WellWorth, Lda.",Pyodine gel,Brookes Pharma,29/12/2017,D98/17
Desinfectante,"WellWorth, Lda.",Pyodine Gargle e Mouthwash,Brookes Pharma,29/12/2017,D100/17
Desinfectante,"MH Solucoes, Lda.",Puritese Hand Sanitesir Gel,"Norchem, 1070",O 20/03/2023,D202/23
Desinfectante,"aca, Lda-Equipamento e Embalagem",Purel Advanced - Alcool Gel Alcoolico para as maos,"Gojo Industries,",23/11/2021,D180/21
Dispositivo Médico de Diagnóstico In-vitro,"Soulmed, Lda.",PSA Qualitative Rapid Test Cassette(WB/S/P),"Acro Biotech, In",24/07/2023,A1257/23
Dispositivo Médico de Diagnóstico In-vitro,"Mozambique Scientific, Lda.",PSA,CTKBiotech Inc-,29/01/2020,A398/20
Dispositivo Médico,"DKT Mozambique, Lda.",Prudence Lubrificante Neutro,"Alcopac CC, Uni",01/04/2022,A899/22
Dispositivo Médico,"DKT Mozambique, Lda.",Prudence Lubrificante Morango,"Alcopac CC, Uni",01/04/2022,A898/22
Dispositivo Médico de Diagnóstico In-vitro,"Quimofar Produtos Quimicos Farmaceuticos e Material Hospitalar, Lda",Prothrombin Time PT/INR Reagent Kit (Clotting),Guangzhou Won,29/04/2024,A1436/24
Dispositivo Médico,"Prisma - Industria e Saude, Lda.",Proteus OXK,Cypress Diagno,s 15/03/2022,A839/22
Dispositivo Médico,"Prisma - Industria e Saude, Lda.",Proteus OX19,Cypress Diagno,s 11/02/2022,A838/22
Desinfectante,"Orbis Pharma, Lda.",Proseptyl Spray Velvet galénicos 70ml,Aliand - Laboróri,24/08/2015,D223/15
Desinfectante,"Orbis Pharma, Lda.",Proseptyl Doseador Velvet Gslénicos 250ml,Aliand - Laboróri,24/08/2015,D70/15
Dispositivo Médico de Diagnóstico In-vitro,"Mozambique Scientific, Lda.",PROG Rapid Test Kit,Anbio Biotechno,03/06/2025,A1622/25
Dispositivo Médico,"Medis Farmacêutica, Lda",produto Ocular,Penta Arzneimitt,07/12/2015,A83/15
Dispositivo Médico de Diagnóstico In-vitro,"Mozambique Scientific, Lda.",PRL Rapid Test Kit,Anbio Biotechno,03/06/2025,A1621/25
Dispositivo Médico,"HAT – Health Advanced Tecnology, Lda",Pristeen Surgical Gloves,Beta Healthcare,07/06/2021,A687/21
Dispositivo Médico,Trucare Unipessoal Limitada,Prinject Seringas Descartáveis,Jiangyin Medica,l 30/12/2023,A1795/23
Desinfectante,"Medis Farmacêutica, Lda","Previpiq Tropics ( 50% Deet, Spray)",Omega Pharma,26/09/2017,D93/17
Desinfectante,"Medis Farmacêutica, Lda","Previpiq Tropics ( 50% Deet, Roll-0n)",Omega Pharma,26/09/2017,D94/17
Desinfectante,"Medis Farmacêutica, Lda","Previpiq Outdoor ( 30% Deet, Spray)",Omega Pharma,26/09/2017,D91/17
Desinfectante,"Medis Farmacêutica, Lda","Previpiq Outdoor ( 30% Deet, roll-on)",Omega Pharma,26/09/2017,D92/17
Dispositivo Médico,"HAT – Health Advanced Tecnology, Lda",Preservativo Skore Pontos,2700-547 Amad,o 27/02/2026,A1832/26
Dispositivo Médico,"HAT – Health Advanced Tecnology, Lda",Preservativo Skore Chocolate,Tel.: 21 499 74 0,27/02/2026,A1833/26
Dispositivo Médico,"HAT – Health Advanced Tecnology, Lda",Preservativo Skore Azúis,TTK Healthcare,27/02/2026,A1834/26
Dispositivo Médico,"DKT Mozambique, Lda.",Preservativo Masculino de Latex natural Fiesta Menta,Dongyang Song,p 11/02/2022,A866/22
Dispositivo Médico,"DKT Mozambique, Lda.","Preservativo Masculino de Latex natural Fiesta banana, uva e menta",Dongyang Song,p 11/02/2022,A845/22
Dispositivo Médico,"DKT Mozambique, Lda.",Preservativo Masculino de Latex natural Fiesta uva,Dongyang Song,p 11/02/2022,A865/22
Dispositivo Médico,"HAT – Health Advanced Tecnology, Lda",Preservativo JEITO(J2),TTK HEALTHCA,03/06/2025,A1614/25
Dispositivo Médico,"HAT – Health Advanced Tecnology, Lda",Preservativo JEITO(J1),TTK HEALTHCA,24/04/2025,A1594/25
Dispositivo Médico,"HAT – Health Advanced Tecnology, Lda",PRESERVATIVO JEITO (J3 Borbulhas de prazer),TTK HEALTHCA,17/04/2025,A1585/25
Dispositivo Médico,"HAT – Health Advanced Tecnology, Lda",PRESERVATIVO JEITO (J24 Longa duracao) prazer),TTK HEALTHCA,24/04/2025,A1593/25
Dispositivo Médico,"DKT Mozambique, Lda.",Preservativo de Latex Prudence Sensual,NRS Global Part,01/04/2022,A901/22
Dispositivo Médico,"DKT Mozambique, Lda.",Preservativo de Latex Prudence Nice,NRS Global Part,01/04/2022,A904/22
Dispositivo Médico,"DKT Mozambique, Lda.",Preservativo de Latex Prudence Morango,NRS Global Part,30/05/2022,A937/22
Dispositivo Médico,"DKT Mozambique, Lda.",Preservativo de Latex Prudence Maracuja,NRS Global Part,01/04/2022,A900/22
Dispositivo Médico,"DKT Mozambique, Lda.",Preservativo de Latex Prudence Classico,NRS Global Part,01/04/2022,A902/22
Dispositivo Médico,"Genito Medical Comercio e Servicos, EI",Premature Oxygen Therapy Nasal Cannula,Fisher and Payk,e 01/04/2024,A1427/24
Dispositivo Médico de Diagnóstico In-vitro,"Farmatec, Lda.",Pregnancy HCG Test ( teste rapido de gravidez),West Coast Pha,r 30/08/2022,A1088/22
Dispositivo Médico de Diagnóstico In-vitro,"MEDISERV PHARMA SU, LDA.",Prega Neta HCG Test (Teste de Detecção de Gravidez Precoce),Aneta Pharmace,27/02/2026,A1826/26
Dispositivo Médico de Diagnóstico In-vitro,"Shani, Lda.",Preg Sign™ (Teste de Gravidez),Oscar Medicare,24/03/2026,A1873/26
Desinfectante,Ace-HealthCare Lda,Povinaz (Povidone-Iodine Ointment),Biomatrix Health,25/05/2017,D89/17
Desinfectante,Ace-HealthCare Lda,Povinanz,Biomaatrix Healt,17/03/2016,D81/16
Desinfectante,"Generics & Specialities, Lda.",Povigen ®Povidone-Iodine Topical Solution USP 5%w/v,EAST AFRICAN,08/05/2012,D48/12
Desinfectante,"Generics & Specialities, Lda.",Povigen ®Ointment,EAST AFRICAN,07/06/2012,D49/12
Desinfectante,"Missionpharma Mocambique, Lda.","Povidone Iodine Topical Solution USP 10 % w/v, 200 ml",Babu Ram Om P,08/02/2023,D198/23
Desinfectante,"Medi - Saude, Importadora e distribuidora de produtos farmaceuticos",Potassium Permanganate Crystals 50g,FABUPHARM (P,11/02/2022,D186/22
Dispositivo Médico,"Opastac Mocambique, Lda.",Poly Zinc +,Prevest Denpro,L 25/10/2022,A1157/22
Dispositivo Médico,"Farmatec, Lda.",Po B (Bicarbonato para hemodialise),Jiangxi Sanxin M,31/08/2022,A1091/22
Dispositivo Médico,Hospitec S.A.,PM-60,Shenzhen Mindr,a 11/02/2022,A841/22
Dispositivo Médico de Diagnóstico In-vitro,Kambeny Comercial Lda.,PLC Covid-19 Ag Gold,"PLC, Inc. #701,9",23/11/2021,AUE10/21
Dispositivo Médico,"WellWorth, Lda.",Plasterman Sterile Gauze Compress 100x100,Taizhou Xingkan,18/09/2015,A59/15
Desinfectante,"Natur Pharma, Lda.","Piorrot Mouthwash sensitive, 500ml",Fushima S.L- Es,19/07/2011,D38/11
Desinfectante,"Natur Pharma, Lda.",Pierrot Pastilhas Efervescentes,"Fushima S.L,- E",s 19/07/2011,D36/11
Desinfectante,"Natur Pharma, Lda.",Pierrot Mouthwash Piwy,"Fushima S.L, La",24/09/2010,D22/10
Dispositivo Médico,"GoldPharma, Lda","Physiological Seawater Nasal Spray 30mL, 60mL",Jiangsu Kangyo,u 23/05/2025,A1613/25
Desinfectante,"Natur Pharma, Lda.",Pharmadine -solução aquosa de iodopovidova a 10%,GsL-Produtos Q,u 19/08/2015,D67/15
Dispositivo Médico,"Opastac Mocambique, Lda.",PF Seal,Prevest Denpro,L 24/10/2022,A1138/22
Dispositivo Médico,Maputo Health Care Lda,Peritoneal Dialysis Catheter Set,Romsons Intern,a 31/08/2022,A1079/22
Dispositivo Médico,"Medis Farmacêutica, Lda",Perio-aid Active Control,Manuel Vieira &,07/07/2020,A446/20
Dispositivo Médico de Diagnóstico In-vitro,"Mozambique Scientific, Lda.",PCT Rapid Test Kit,Abbott Rapid Di,a 03/07/2025,A1667/25
Dispositivo Médico,"Medis Farmacêutica, Lda",Parodontax Expert Gum Care Original,GSK Consumer,25/01/2024,A1381/24
Dispositivo Médico,"Medis Farmacêutica, Lda",Parodontax Expert Gum Care Extra Fresh,GSK Consumer,10/01/2024,A1382/24
Dispositivo Médico,"Opastac Mocambique, Lda.",Paramonoclorofenol Canforado,Maquira Industri,a 02/06/2022,A961/22
Dispositivo Médico,"WellWorth, Lda.",Paragaz,Cotton Craft (pvt,18/11/2015,A59/15
Dispositivo Médico de Diagnóstico In-vitro,Hospitec S.A.,Panbio™ HIV Verification Test.,Abbott Rapid Di,a 09/11/2023,A1348/23
Dispositivo Médico de Diagnóstico In-vitro,Hospitec S.A.,Panbio™ Dengue IgG Capture ELISA,Abbott Diagnosti,23/12/2021,A802/21
Dispositivo Médico de Diagnóstico In-vitro,Hospitec S.A.,Panbio™ Dengue Early ELISA,Abbott Diagnosti,23/12/2021,A801/21
Dispositivo Médico de Diagnóstico In-vitro,Hospitec S.A.,Panbio™ COVID-19 IgG/IgM rapid test Device (Nasopharyngeal),Abon Biopharm,( 29/04/2021,AUE05/21
Dispositivo Médico de Diagnóstico In-vitro,Hospitec S.A.,PANBIO™ COVID-19 AG RAPID TEST DEVICE (NASAL),Abbott Diagnosti,29/03/2021,AUE02/21
Dispositivo Médico de Diagnóstico In-vitro,Hospitec S.A.,Panbio COVID-19 Ag Rapid Test Device,Abbott Rapid Di,a 03/07/2025,A1661/25
Dispositivo Médico de Diagnóstico In-vitro,"Kelay Medical Services, Lda.",Painel de Teste Rápido Multidrogas (10 Drogas),Acro Biotech Inc,03/03/2026,A1843/26
Dispositivo Médico,"Medis Farmacêutica, Lda",Pain Relief STOPDOL,"Eurosirel S.P.a,",V 01/06/2018,A147/18
Dispositivo Médico de Diagnóstico In-vitro,"Mozambique Scientific, Lda.",P Phosphorus Kit (Phosphomolybdate Method),Shenzhen Mindr,a 17/07/2025,A1686/25
Dispositivo Médico,"Moz Pharma, Lda.",Oxygen Mask,Hangzhou Supe,r 20/07/2022,A1039/22
Dispositivo Médico,"GoldPharma, Lda",Oxygen Mask,Guangdong Eca,n 23/05/2025,A1612/25
Dispositivo Médico,"MC Dentaltech, Lda.",Orthoprimer,"Dental Morelli, L",t 22/11/2021,A781/21
Dispositivo Médico,"MC Dentaltech, Lda.",Orthobond Plus,"Dental Morelli, L",t 30/05/2022,A938/22
Dispositivo Médico de Diagnóstico In-vitro,Kambeny Comercial Lda.,ORTHO® BLISS,Ortho-Clinical Di,a 25/10/2022,A1158/22
Dispositivo Médico de Diagnóstico In-vitro,Kambeny Comercial Lda.,Ortho BioVue® System Liner,Ortho-Clinical Di,a 24/10/2022,A1152/22
Desinfectante,"Farmaceutica Austral, Lda.",ORIGIDINE,Unirex Healthca,r 18/12/2024,D218/24
Desinfectante,"Farmaceutica Austral, Lda.",ORIDIGINE®SPRAY (IODOPOVIDONA),Unirex Healthca,r 18/12/2024,D218/24
Dispositivo Médico de Diagnóstico In-vitro,"Axis Solution, Lda.",OraQuick® HIV Self-Test,Orasure Technol,29/06/2021,A86/21
Dispositivo Médico,"Genito Medical Comercio e Servicos, EI",Optiflow Junior Ventilador Ciecuit Kit,Fisher and Payk,e 22/03/2024,A1423/24
Dispositivo Médico,"Farmaceutica Austral, Lda.",Opticol monodose,Penta Arzneimitt,07/12/2015,A75/15
Dispositivo Médico,"Farmaceutica Austral, Lda.",Opticol GL Monodose,Penta Arzneimitt,07/12/2015,A77/15
Dispositivo Médico de Diagnóstico In-vitro,"Mozambique Scientific, Lda.",OnSiteTyphi/Paratyphi Ag,"CTK Biotech, Inc",13/09/2021,A641/21
Dispositivo Médico de Diagnóstico In-vitro,"Mozambique Scientific, Lda.",OnSite Troponina I Combo,"CTK Biotech, Inc",23/11/2021,A759/21
Dispositivo Médico de Diagnóstico In-vitro,"Mozambique Scientific, Lda.",OnSite Toxo IgG/IgM Combo,"CTK Biotech, Inc",13/09/2021,A647/21
Dispositivo Médico de Diagnóstico In-vitro,"Mozambique Scientific, Lda.",OnSite TORCH Panel Rapid Test,"CTK Biotech, Inc",24/06/2022,A1003/22
Dispositivo Médico de Diagnóstico In-vitro,"Mozambique Scientific, Lda.",OnSite TB-Tuberculose IgG/IgM Combo,"CTK Biotech, Inc",13/09/2021,A642/21
Dispositivo Médico de Diagnóstico In-vitro,"Mozambique Scientific, Lda.",OnSite Rubella IgG/IgM,"CTK Biotech, Inc",13/09/2021,A646/21
Dispositivo Médico de Diagnóstico In-vitro,"Mozambique Scientific, Lda.",OnSite Rota/Adeno Ag,"CTK Biotech, Inc",24/06/2022,A1006/22
Dispositivo Médico de Diagnóstico In-vitro,"Mozambique Scientific, Lda.",OnSite Influenza A/B Rapid Test,"CTK Biotech, Inc",24/06/2022,A1009/22
Dispositivo Médico de Diagnóstico In-vitro,"Mozambique Scientific, Lda.",OnSite HSV-2,"CTK Biotech, Inc",24/06/2022,A997/22
Dispositivo Médico de Diagnóstico In-vitro,"Mozambique Scientific, Lda.",OnSite HSV -2 IgG/IgM Rapid Test,"CTK Biotech, Inc",24/06/2022,A1004/22
Dispositivo Médico de Diagnóstico In-vitro,"Mozambique Scientific, Lda.",OnSite HIV-Ag/Ab 4th Gen Rapid Test,"CTK Biotech, Inc",24/06/2022,A996/22
Dispositivo Médico de Diagnóstico In-vitro,"Mozambique Scientific, Lda.",OnSite HIV1/2 Ab Plus Combo,"CTK Biotech, Inc",24/06/2022,A1005/22
Dispositivo Médico de Diagnóstico In-vitro,"Mozambique Scientific, Lda.",OnSite HBV-5,"CTK Biotech, Inc",13/09/2021,A643/21
Dispositivo Médico de Diagnóstico In-vitro,"Mozambique Scientific, Lda.","OnSite HAV Hepatite A, IgG/Ig//M","CTK Biotech, Inc",13/09/2021,A644/21
Dispositivo Médico de Diagnóstico In-vitro,"Mozambique Scientific, Lda.",OnSite H. Pylori Ag,"CTK Biotech, Inc",13/09/2021,A758/21
Dispositivo Médico de Diagnóstico In-vitro,"Mozambique Scientific, Lda.",OnSite FOB-Hi,"CTK Biotech, Inc",13/09/2021,A757/21
Dispositivo Médico de Diagnóstico In-vitro,"Mozambique Scientific, Lda.",OnSite Dengue IgG/IgM Combo,"CTK Biotech, Inc",13/09/2021,A756/21
Dispositivo Médico de Diagnóstico In-vitro,"Mozambique Scientific, Lda.",OnSite Covid-19 Ag Rapid Test,"CTK Biotech, Inc",13/09/2021,AUE08/21
Dispositivo Médico de Diagnóstico In-vitro,"Mozambique Scientific, Lda.",OnSite CMV IgG/IgM,"CTK Biotech, Inc",13/09/2021,A645/21
Dispositivo Médico de Diagnóstico In-vitro,"Mozambique Scientific, Lda.",OneSite Typhoide IgG/IgM Combo Rapid Test,CTKBiotech Inc-,02/01/2020,A397/20
Dispositivo Médico,"Prisma - Industria e Saude, Lda.",One Step Card PSA Test,CYPRESS DIAG,11/02/2022,A847/22
Dispositivo Médico de Diagnóstico In-vitro,"Enterprise Solutions, Lda.",ONE STEP Pregnancy (HCG) Test,InTec PRODUC,T 25/10/2022,A1160/22
Dispositivo Médico de Diagnóstico In-vitro,"Enterprise Solutions, Lda.",ONE STEP Malaria (P.f/P.v) Tri-line Test,InTec PRODUC,T 10/08/2023,A1267/23
Dispositivo Médico de Diagnóstico In-vitro,"Afri Farmacia, Lda.",One Step HIV 1/2 Whole Blood/Serum/Plasma Test,Guangzhou Won,17/11/2020,A522/20
Dispositivo Médico de Diagnóstico In-vitro,"Prosmed Produtos de Saude e Medicamentos, Lda.",One Step Hcg (pregnancy) Test Device,Medsource Ozo,n 08/02/2023,A1194/23
Dispositivo Médico de Diagnóstico In-vitro,"Enterprise Solutions, Lda.",ONE STEP Anti-HIV (1e2) Test,InTec PRODUC,T 10/08/2023,A1266/23
Dispositivo Médico de Diagnóstico In-vitro,"Mozambique Scientific, Lda.",One Site Rotavirus Ag,"CTK Biotech, Inc",24/06/2022,A998/22
Dispositivo Médico,"MC Dentaltech, Lda.",One Coat Bond,Coltene/Whaled,e 01/06/2018,A150/18
Dispositivo Médico de Diagnóstico In-vitro,"Mozambique Scientific, Lda.",On Site HSV-1 IgG/IgM,Ctk Biotech- Usa,05/07/2022,A1029/22
Dispositivo Médico,"TMI Healthcare, Lda.",On Call Extra,Acon laboratoire,s 02/03/2020,A399/20
Dispositivo Médico,"Opastac Mocambique, Lda.",Oleo de Laranja,Maquira Industri,a 30/05/2022,A936/22
Desinfectante,"Natur Pharma, Lda.","Óleo de Amendoas Doces, 60ml, 125ml",Laboratório Mail,a 07/07/2010,D15/10
Dispositivo Médico,"Lusofarma - Especialidades Farmaceuticas, Lda.",Obesimed Fort,PK Benelux BV,- 09/01/2015,A45/15
Dispositivo Médico de Diagnóstico In-vitro,Hospitec S.A.,NxTek™ Eliminate Malaria Pf,Abbott Diagnosti,22/11/2021,A763/21
Dispositivo Médico,"Shani, Lda.",Nozbits Spray,West Coast Pha,r 30/05/2022,A927/22
Dispositivo Médico,Flourish Labs Distribution,Norma-iSoL3,Norma Instrume,n 08/02/2023,A1191/23
Dispositivo Médico,Flourish Labs Distribution,Norma-iLYse3,Norma Instrume,n 08/02/2023,A1190/23
Dispositivo Médico,Flourish Labs Distribution,Norma-Idh3,Norma Instrume,n 01/03/2023,A1205/23
Dispositivo Médico,"Teccare, Lda.",Non-Absobable Poly (Ethylene Terephthalate) Surgical Suture U.S.P (MERICRON XL/ASPIRON POLYESTER),Meril Endo Surg,e 31/07/2017,A186/18
Dispositivo Médico,Separation Scientific Lda,Niprosol 324A,Nipro Renal Sol,u 30/05/2022,A978/22
Dispositivo Médico,Separation Scientific Lda,Niprosol 321A,Nipro Renal Sol,u 30/05/2022,A926/22
Dispositivo Médico,Separation Scientific Lda,NiproCart A2F 750 e NiproCart A2F 760,Nipro Renal Sol,u 30/05/2022,A922/22
Dispositivo Médico,Separation Scientific Lda,"Nipro Set Blood Tubing set for Hemodialysis A165-V733, Nipro set Blood Tubing set for Hemodialysis A364R-V850R e Nipro Set Blood Tubing Set for Hemodialysis A252-V777",Nipro JMI Comp,a 30/05/2022,A924/22
Dispositivo Médico,"Teccare, Lda.",Neovac-Borboleta,"Neomedic, Limit",e 02/03/2020,A395/20
Dispositivo Médico,"Teccare, Lda.",Neovac- Kit de Transfusão Com Filtro +Respiradouro +Agulha,Neomedic Limite,02/03/2020,A394/20
Dispositivo Médico,"Teccare, Lda.",Neovac - Lancetas de Sangue Descartáveis,Neomedic Limite,20/03/2020,A389/20
Dispositivo Médico,"Teccare, Lda.",Neovac - Lancetas de Sangue de Aço,Neomedic Limite,20/03/2020,A390/20
Dispositivo Médico,"Teccare, Lda.",Neovac - Kit de Infusão - Com Filtro e Respiradouro e Agulha.,Neomedic Limite,02/03/2020,A393/20
Dispositivo Médico,"Teccare, Lda.",Neovac - Especulo Vaginal,Neomedic Limite,20/03/2020,A391/20
Dispositivo Médico,"Teccare, Lda.",Neotule Gaze de Parafina,Neomedic Limite,20/03/2020,A388/20
Dispositivo Médico,"Teccare, Lda.",Neoject- seringas Descartáveis Premium,Neomedic Limite,20/03/2020,A392/20
Dispositivo Médico,"Teccare, Lda.",Neogloves - Luvas Cirúrgicas para uso de Ginecologia Esterilizadas Latex com Pó.,Neomedic Limite,02/03/2020,A396/20
Dispositivo Médico,"Farmatec, Lda.",Nebulizer With Mask (Nebulizador Com Mascara),Lars Medicare P,16/06/2022,A981/22
Dispositivo Médico,"Moz Pharma, Lda.",Nebulizador (Nebulizador com Mascara de Oxigenio),Hangzhou Supe,r 20/07/2022,A1038/22
Dispositivo Médico,"Teccare, Lda.",N-CARE SISTEMA DE SORO,NUBENO HEAL,T 05/06/2023,A1241/23
Dispositivo Médico,"Teccare, Lda.",N-Care Silk,Healthium Medt,e 18/02/2021,A623/21
Dispositivo Médico,"Teccare, Lda.",N-CARE SERINGA DESCARTÁVEL COM AGULHA,WUHAN BAIKA,N 25/01/2024,A1392/24
Dispositivo Médico,"Teccare, Lda.",N-CARE SERINGA DESCARTÁVEL COM AGULHA,NUBENO HEAL,T 07/11/2022,A1174/22
Dispositivo Médico,"Teccare, Lda.",N-CARE SERINGA DESCARTÁVEL COM AGULHA,CHANGZHOU C,07/11/2022,A1175/22
Dispositivo Médico,"Teccare, Lda.",N-CARE SERINGA DE INSULINA DESCARTÁVEL COM AGULHA 30Gx5/16” (DISPOSABLE INSULIN SYRINGE WITH NEEDLE 30Gx5/16”),BIO- MED HEAL,07/11/2022,A1173/22
Dispositivo Médico,"Teccare, Lda.",N-Care sem po luvas de latex esteril revestidas com polimero,Healthium Medt,e 08/04/2021,A659/21
Dispositivo Médico,"Teccare, Lda.",N-Care Polypropylene,Healthium Medt,e 18/02/2021,A628/21
Dispositivo Médico,"Teccare, Lda.",N-Care Polyglecaprone 25,Healthium Medt,e 18/02/2021,A624/21
Dispositivo Médico,"Teccare, Lda.",N-Care Polyester,Healthium Medt,e 18/02/2021,A619/21
Dispositivo Médico,"Teccare, Lda.",N-Care Polydioxanone,Healthium Medt,e 18/02/2021,A622/21
Dispositivo Médico,"Teccare, Lda.",N-Care PGLA Fast,Healthium Medt,e 18/02/2020,A626/21
Dispositivo Médico,"Teccare, Lda.",N-Care PGLA 910 Fast,Healthium Medt,e 18/02/2021,A618/21
Dispositivo Médico,"Teccare, Lda.",N-Care PGLA 910,Healthium Medt,e 18/02/2021,A621/21
Dispositivo Médico,"Teccare, Lda.",N-Care PGA,Healthium Medt,e 18/02/2021,A620/21
Dispositivo Médico,"Teccare, Lda.",N-Care Nylon,Healthium Medt,e 18/02/2021,A625/21
Dispositivo Médico,"Teccare, Lda.",N-Care luvas de examinacao em latex sem Po,Longcare Indust,r 24/10/2022,A1129/22
Dispositivo Médico,"Teccare, Lda.",N-Care Catgut Plain,Healthium Medt,e 18/02/2021,A617/21
Dispositivo Médico,"Teccare, Lda.",N-Care Catgut Chromic,Healthium Medt,e 18/02/2021,A627/21
Dispositivo Médico,"Teccare, Lda.",N-CARE CATETER VENOSO PERIFÉRICO,BIO-MED HEAL,T 24/10/2022,A1163/22
Dispositivo Médico,"Teccare, Lda.",N-CARE CATETER VENOSO PERIFÉRICO,NUBENO HEAL,T 07/11/2022,A1177/22
Dispositivo Médico,"Teccare, Lda.",N-CARE ALGÁLIA DE FOLEY - 2 VIAS COM BALÃO,MEDEVIS RUBP,25/10/2022,A1161/22
Dispositivo Médico,"Teccare, Lda.",N-CARE AGULHA HIPODÉRMICA DESCARTAVEL,WUHAN BAIKA,N 25/01/2024,A1391/24
Dispositivo Médico,"Teccare, Lda.",N-CARE – SERINGA DE INSULINA DESCARTÁVEL,WUHAN BAIKA,N 22/01/2025,A1390/24
Dispositivo Médico,"Orbis Pharma, Lda.",Nazaxon,Labialfarma - La,b 18/11/2015,A64/15
Dispositivo Médico,"Citimed Healthcare, LDA.",NAVITAE® PLUS 15ml,NOVAX® PHAR,M 25/01/2024,A1398/24
Dispositivo Médico,"Moz Pharma, Lda.",Nasal Cannula,Hangzhou Supe,r 20/07/2022,A1042/22
Dispositivo Médico,"Medis Farmacêutica, Lda",Narlism® Spray,Sigmar Italia S.p,25/02/2019,A337/19
Dispositivo Médico,"Opastac Mocambique, Lda.",Nano Coat ( Verniz de proteccao fotopolimerizavel),Prevest Denpro,L 10/05/2019,A297/19
Dispositivo Médico de Diagnóstico In-vitro,STARPHARMACOMÉRCIO E.I,NADAL® Syphilis (Ref. 203002),Nal Von minden,24/06/2022,A1010/22
Dispositivo Médico de Diagnóstico In-vitro,STARPHARMACOMÉRCIO E.I,NADAL® Malaria Pf/Pan Ag 4 species test,Nal Von minden,08/04/2022,A913/22
Dispositivo Médico de Diagnóstico In-vitro,STARPHARMACOMÉRCIO E.I,NADAL® hCG Pregnancy (142002/152002) ou (142000/152000/142000N-10),Nal Von minden,24/06/2022,A1011/22
Dispositivo Médico de Diagnóstico In-vitro,STARPHARMACOMÉRCIO E.I,NADAL® H. pylori Ab test (test cassette) (Ref. 262001),Nal Von minden,22/04/2022,A915/22
Dispositivo Médico,"Teccare, Lda.",N- CARE SISTEMA DE SORO,BIO-MED HEAL,T 24/10/2022,A1162/22
Dispositivo Médico,"Teccare, Lda.",N- CARE SISTEMA DE SORO,WUHAN BAIKA,N 09/11/2023,A1354/23
Dispositivo Médico,"Teccare, Lda.",N- CARE SERINGA DESCARTÁVEL COM AGULHA (DISPOSABLE SYRINGE WITH NEEDLE 24Gx1”),BIO- MED HEAL,07/11/2022,A1176/22
Dispositivo Médico,"Teccare, Lda.",N- Care Luvas de Examinação em Látex,ST. Marys Rubb,e 05/07/2022,A1016/22
Dispositivo Médico,"Teccare, Lda.",N- Care Luvas Cirurgicas de Latex Esterilizadoas com Pó (Sterile Latex Surgical Gloves Powdered),ST. MARYS RU,B 16/03/2022,A887/22
Dispositivo Médico,"Teccare, Lda.",N- CARE AGULHA HIPODÉRMICA ESTERILIZADA,BIO-MED HEAL,T 21/02/2023,A1198/23
Dispositivo Médico de Diagnóstico In-vitro,Farma Holdings SA,Mylan HIV Self Test,Mylan Pharmace,17/08/2020,A462/20
Dispositivo Médico,"DKT Mozambique, Lda.",MVA Plus - Aspirador,Paccific Hospital,01/04/2022,A905/22
Dispositivo Médico de Diagnóstico In-vitro,"Mozambique Scientific, Lda.",Multi Drug Test Panel W/WO Adulteration (Urine,Assure Tech (Ha,25/10/2022,A1159/22
Dispositivo Médico,"Opastac Mocambique, Lda.",MTA Plus,Prevest Denpro,L 24/10/2022,A1146/22
Dispositivo Médico de Diagnóstico In-vitro,Hospitec S.A.,m-PIMA™ HIV-1/2 VL,Abbott Diagnosti,03/12/2021,A771/21
Dispositivo Médico de Diagnóstico In-vitro,Hospitec S.A.,m-PIMA HIV-1/2 Detect,Abbtt Rapid Dia,g 03/12/2021,A771/21
Dispositivo Médico,"EMS Pharma, Lda.",MOZZIE SPRAY,Bennetts The Ch,23/12/2021,A779/21
Desinfectante,"Generics & Specialities, Lda.",Mouth Wash,Kavit Soap Indu,s 25/02/2018,D111/18
Dispositivo Médico,"MEDISERV PHARMA SU, LDA.",MOONEX Premium LatexVinho,Aneta Pharmace,27/02/2026,A1827/26
Dispositivo Médico,"MEDISERV PHARMA SU, LDA.",MOONEX Premium Latex Chocolate,Aneta Pharmace,27/02/2026,A1830/26
Dispositivo Médico,"MEDISERV PHARMA SU, LDA.",MOONEX (Natural Latex Dotted Condom aroma Morango),Aneta Pharmace,27/02/2026,A1828/26
Dispositivo Médico,"MEDISERV PHARMA SU, LDA.",MOONEX (Natural Latex Dotted Condom aroma Banana),Aneta Pharmace,27/02/2026,A1829/26
Dispositivo Médico,"MDS - Medicamentos e Diagnóstico na Saúde, S.A.",MiSeq system,Illumina Inc.,30/05/2022,A921/22
Dispositivo Médico,"Teccare, Lda.",MIRUSTM LINEAR CUTTER AND RELOAD (CORTADOR LINEAR MIRUS TM E RECARGA MIRUS TM),MERIL ENDO S,U 05/11/2024,A1534/24
Dispositivo Médico,"Teccare, Lda.",MIRUSTM CIRCULAR STAPLER,MERIL ENDO S,U 05/11/2024,A1533/24
Dispositivo Médico,"MC Dentaltech, Lda.",MINIPARAFUSOS ORTODÔNTICOS,Dental Morelli Lt,d 21/02/2024,A1406/24
Dispositivo Médico de Diagnóstico In-vitro,"Mozambique Scientific, Lda.",Mindray α-AMY α-Amylase Kit (IFCC Method),Shenzhen Mindr,a 29/07/2025,A1700/25
Dispositivo Médico de Diagnóstico In-vitro,"Mozambique Scientific, Lda.",Mindray Vitamin B12 Calibrators,Shenzhen Mindr,a 19/11/2025,A1748/25
Dispositivo Médico de Diagnóstico In-vitro,"Mozambique Scientific, Lda.",Mindray VD-T II 25-OH-Vitamin D Total (CLIA),Shenzhen Mindr,a 28/08/2025,A1711/25
Dispositivo Médico de Diagnóstico In-vitro,"Mozambique Scientific, Lda.",Mindray VB12 Vitamin B12 (CLIA),Shenzhen Mindr,a 28/08/2025,A1712/25
Dispositivo Médico de Diagnóstico In-vitro,"Mozambique Scientific, Lda.","Mindray UREA Urea Kit (Urease-GLDH, UV Method)",Shenzhen Mindr,a 17/07/2025,A1679/25
Dispositivo Médico de Diagnóstico In-vitro,"Mozambique Scientific, Lda.",Mindray Tumor Marker Multi Control (L),Shenzhen Mindr,a 19/11/2025,A1756/25
Dispositivo Médico de Diagnóstico In-vitro,"Mozambique Scientific, Lda.",Mindray Tumor Marker Multi Control (H),Shenzhen Mindr,a 19/11/2025,A1756/25
Dispositivo Médico de Diagnóstico In-vitro,"Mozambique Scientific, Lda.",Mindray TSH Thyroid-Stimulating Hormone (CLIA),Shenzhen Mindr,a 28/08/2025,A1706/25
Dispositivo Médico de Diagnóstico In-vitro,"Mozambique Scientific, Lda.",Mindray TRF Transferrin Kit (Immunoturbidimetric Assay Method),Shenzhen Mindr,a 17/07/2025,A1682/25
Dispositivo Médico de Diagnóstico In-vitro,"Mozambique Scientific, Lda.",Mindray TP-Total Protein Kit (Biuret Method),Shenzhen Mindr,a 17/07/2025,A1690/25
Dispositivo Médico de Diagnóstico In-vitro,"Mozambique Scientific, Lda.",Mindray t-PSA Total Prostate Specific Antigen (CLIA),Shenzhen Mindr,a 28/08/2025,A1703/25
Dispositivo Médico de Diagnóstico In-vitro,"Mozambique Scientific, Lda.",Mindray Total PSA Calibrators,Shenzhen Mindr,a 19/11/2025,A1749/25
Dispositivo Médico de Diagnóstico In-vitro,"Mozambique Scientific, Lda.",Mindray Thyroid Function Multi Control (L),Mindray Bulding,", 16/03/2026",A1857/26
Dispositivo Médico de Diagnóstico In-vitro,"Mozambique Scientific, Lda.",Mindray Thyroid Function Multi Control (H),Shenzhen Mindr,a 19/11/2025,A1753/25
Dispositivo Médico de Diagnóstico In-vitro,"Mozambique Scientific, Lda.",Mindray TG-Triglycerides Kit (GPO-POD Method),Shenzhen Mindr,a 17/07/2025,A1805/20
Dispositivo Médico de Diagnóstico In-vitro,"Mozambique Scientific, Lda.",Mindray TC-Total Cholesterol Kit (CHOD-POD Method),Shenzhen Mindr,a 17/07/2025,A1685/25
Dispositivo Médico de Diagnóstico In-vitro,"Mozambique Scientific, Lda.",Mindray Mg Magnesium Kit (Xylidyl Blue Method),Shenzhen Mindr,a 29/07/2025,A1697/25
Dispositivo Médico de Diagnóstico In-vitro,"Mozambique Scientific, Lda.",Mindray LDH Ⅱ Lactate Dehydrogenase Kit (IFCC Method),Shenzhen Mindr,a 28/08/2025,A1710/25
Dispositivo Médico de Diagnóstico In-vitro,"Mozambique Scientific, Lda.",Mindray Insulin Insulin (CLIA),Shenzhen Mindr,a 28/08/2025,A1705/25
Dispositivo Médico de Diagnóstico In-vitro,"Mozambique Scientific, Lda.",Mindray Insulin Calibrators,Shenzhen Mindr,a 19/11/2025,A1747/25
Dispositivo Médico de Diagnóstico In-vitro,"Mozambique Scientific, Lda.",Mindray HIV Calibrators (HIV CAL),Mindray Bulding,", 16/03/2026",A1860/26
Dispositivo Médico de Diagnóstico In-vitro,"Mozambique Scientific, Lda.",Mindray HIV Ag/Ab Negative Control,Mindray Bulding,", 16/03/2026",A1859/26
Dispositivo Médico de Diagnóstico In-vitro,"Mozambique Scientific, Lda.",Mindray HDL C HDL-Cholesterol Kit (Direct Method),Shenzhen Mindr,a 17/07/2025,A1680/25
Dispositivo Médico de Diagnóstico In-vitro,"Mozambique Scientific, Lda.",Mindray Glu(GOD) Glucose Kit (GOD-POD Method),Shenzhen Mindr,a 17/07/2025,A1681/25
Dispositivo Médico de Diagnóstico In-vitro,"Mozambique Scientific, Lda.",Mindray GGT Gamma-Glutamyltransferase Kit,Shenzhen Mindr,a 17/07/2025,A1683/25
Dispositivo Médico de Diagnóstico In-vitro,"Mozambique Scientific, Lda.",Mindray FT4 Free Thyroxine (CLIA),Shenzhen Mindr,a 28/08/2025,A1702/25
Dispositivo Médico de Diagnóstico In-vitro,"Mozambique Scientific, Lda.",Mindray FT3 Free Triiodothyronine (CLIA),Shenzhen Mindr,a 28/08/2025,A1701/25
Dispositivo Médico de Diagnóstico In-vitro,"Mozambique Scientific, Lda.",Mindray FSH Follicle Stimulating Hormone (CLIA),Shenzhen Mindr,a 26/09/2025,A1738/25
Dispositivo Médico de Diagnóstico In-vitro,"Mozambique Scientific, Lda.",Mindray Free T4 Calibrators,Shenzhen Mindr,a 19/11/2025,A1744/25
Dispositivo Médico de Diagnóstico In-vitro,"Mozambique Scientific, Lda.",Mindray Free T3 Calibrators,Shenzhen Mindr,a 19/11/2025,A1743/25
Dispositivo Médico de Diagnóstico In-vitro,"Mozambique Scientific, Lda.",Mindray Free PSA Calibrators,Shenzhen Mindr,a 19/11/2025,A1742/25
Dispositivo Médico de Diagnóstico In-vitro,"Mozambique Scientific, Lda.",Mindray FPSA Free Prostate Specific Antigen (CLIA),Shenzhen Mindr,a 28/08/2025,A1704/25
Dispositivo Médico de Diagnóstico In-vitro,"Mozambique Scientific, Lda.",Mindray FER Ferritin Kit (Particle-enhanced Immunoturbidimetric Assay Method),Shenzhen Mindr,a 17/07/2025,A1684/25
Dispositivo Médico de Diagnóstico In-vitro,"Mozambique Scientific, Lda.",Mindray Fe Iron (Fe) Kit (Colorimetric Assay ),Shenzhen Mindr,a 29/07/2025,A1699/25
Dispositivo Médico de Diagnóstico In-vitro,"Mozambique Scientific, Lda.",Mindray CK-Creatine Kinase Kit (IFCC Method),Shenzhen Mindr,a 29/07/2025,A1698/25
Dispositivo Médico de Diagnóstico In-vitro,"Mozambique Scientific, Lda.",Mindray CA19-9 Carbohydrate Antigen 19-9 ( CLIA),Shenzhen Mindr,a 28/08/2025,A1708/25
Dispositivo Médico de Diagnóstico In-vitro,"Mozambique Scientific, Lda.",Mindray CA15-3 Cancer Antigen 15-3 (CLIA),Shenzhen Mindr,a 28/08/2025,A1707/25
Dispositivo Médico de Diagnóstico In-vitro,"Mozambique Scientific, Lda.",Mindray CA15-3 Calibrators,Shenzhen Mindr,a 19/11/2025,A1745/25
Dispositivo Médico de Diagnóstico In-vitro,"Mozambique Scientific, Lda.",Mindray CA125 Cancer Antigen 125 CLIA,Shenzhen Mindr,a 28/08/2025,A1709/25
Dispositivo Médico de Diagnóstico In-vitro,"Mozambique Scientific, Lda.",Mindray CA125 Calibrators,Shenzhen Mindr,a 19/11/2025,A1741/25
Dispositivo Médico de Diagnóstico In-vitro,"Mozambique Scientific, Lda.",Mindray Ca Calcium Kit (Arsenazo Ⅲ Method),Shenzhen Mindr,a 17/07/2025,A1693/25
Dispositivo Médico de Diagnóstico In-vitro,"Mozambique Scientific, Lda.",Mindray AST Aspartate Aminotransferase Kit (IFCC Method),Shenzhen Mindr,a 17/07/2025,A1687/25
Dispositivo Médico de Diagnóstico In-vitro,"Mozambique Scientific, Lda.",Mindray Anti-HBs Positive Control,Mindray Bulding,", 16/03/2026",A1858/26
Dispositivo Médico de Diagnóstico In-vitro,"Mozambique Scientific, Lda.",Mindray Anti-HBs Antibody to Hepatitis B Surface Antigen (CLIA),Shenzhen Mindr,a 28/08/2025,A1725/25
Dispositivo Médico de Diagnóstico In-vitro,"Mozambique Scientific, Lda.",Mindray ALT Alanine Aminotransferase Kit (IFCC Method),Shenzhen Mindr,a 17/07/2025,A1688/25
Dispositivo Médico de Diagnóstico In-vitro,"Mozambique Scientific, Lda.",Mindray ALP Alkaline Phosphatase Kit (IFCC Modified Method),Shenzhen Mindr,a 17/07/2025,A1806/20
Dispositivo Médico de Diagnóstico In-vitro,"Mozambique Scientific, Lda.",Mindray Metabolic Multi Control (L),Mindray Bulding,", 24/03/2026",A1882/26
Dispositivo Médico de Diagnóstico In-vitro,"Mozambique Scientific, Lda.",Mindray Metabolic Multi Control (H),Mindray Bulding,", 24/03/2026",A1881/26
Dispositivo Médico de Diagnóstico In-vitro,"Mozambique Scientific, Lda.",Mindray Immunoassay Multi Control (L),Mindray Bulding,", 28/04/2026",A1897/26
Dispositivo Médico de Diagnóstico In-vitro,"Mozambique Scientific, Lda.",Mindray Immunoassay Multi Control (H),Mindray Bulding,", 16/03/2026",A1856/26
Dispositivo Médico de Diagnóstico In-vitro,"Mozambique Scientific, Lda.",Mindray CA19-9 Calibrators,Shenzhen Mindr,a 19/11/2025,A1746/25
Dispositivo Médico de Diagnóstico In-vitro,"Mozambique Scientific, Lda.",Mindray Anti-HBs Negative Control,Mindray Bulding,", 16/03/2026",A1854/26
Dispositivo Médico de Diagnóstico In-vitro,"Mozambique Scientific, Lda.",Mindray Anti-HBs Calibrators,Mindray Bulding,", 16/03/2026",A1855/26
Dispositivo Médico,"Opastac Mocambique, Lda.",Micron Superior,Prevest Denpro,L 18/02/2019,A266/19
Dispositivo Médico,"Opastac Mocambique, Lda.","Micron Luting (Translucent fine particle, glass ionomer luting cement)",Prevest Denpro,L 10/05/2019,A291/19
Desinfectante,"Atmosphere, Lda.",Microfog Hand Sanitizer,Deluxe Chemica,22/11/2021,D178/21
Desinfectante,"Derby TRADING, lda",Microfog,Deluxe Chemica,22/01/2021,D152/21
Dispositivo Médico,"Teccare, Lda.",Microbar HD (Barrium Sulphate for Suspension BP),Eskay Speciality,03/12/2021,A769/21
Dispositivo Médico,"Teccare, Lda.",Microbar for Enema (Disposable Kit),Eskay Speciality,03/12/2021,A770/21
Dispositivo Médico,"Teccare, Lda.",Merite TM Cu T 380A,Meril Diagnostic,s 15/07/2020,A452/20
Dispositivo Médico,"Teccare, Lda.",Meriscreen Syphiline (Kit de teste para Sifilis,Meril Diagnostic,s 04/03/2022,A875/22
Dispositivo Médico,"Teccare, Lda.",Meriscreen HIV 1-2 WB (Kit de teste Rapido de HIV),Meril Diagnostic,s 15/07/2020,A450/20
Dispositivo Médico,"Teccare, Lda.",Meriscreen HCV (Kit de teste Rápido Para Hepatite),Meril Diagnostic,s 21/07/2020,A455/20
Dispositivo Médico,"Teccare, Lda.",Meriscreen HCG (Pregnancy Rapid Test Kit),Meril Diagnostic,s 15/07/2020,A456/20
Dispositivo Médico,"Teccare, Lda.",Meriscreen HbsAg (Kit de teste rapido para Hepatite B,Meril Diagnostic,s 04/03/2022,A877/22
Dispositivo Médico,"Moz Pharma, Lda.",Med-Volum LFN (Sistema de microgotas com camera graduada),Jiangsu Webesw,05/07/2022,A1025/22
Dispositivo Médico,"Moz Pharma, Lda.",Med-Volum LFN,Cepheid AB Cep,05/07/2022,A1025
Dispositivo Médico de Diagnóstico In-vitro,"MEDISERV PHARMA SU, LDA.",Mediserv Malaria Antigen Test (Pf/Pan),Aneta Pharmace,27/02/2026,A1824/26
Dispositivo Médico,"Aquamarine Multiservices, Lda.",Medidor de Glicose no Sangue On Call Extra,ACON Biotech (,H 24/10/2022,A1125/22
Dispositivo Médico,"Farmatec, Lda.",médico Provein I.V. Cannula With Injection Valve (Provein I.V. Cânula com Válvula de Injecção),Lars Medicare P,16/06/2022,A982/22
Dispositivo Médico,"EMS Pharma, Lda.",Medel Star,Medel Internatio,n 31/08/2022,A1054/22
Dispositivo Médico,"EMS Pharma, Lda.",Medel Professional,Medel Internatio,n 31/08/2022,A1053/22
Dispositivo Médico,"EMS Pharma, Lda.",Medel Family Plus,Medel Internatio,n 31/08/2022,A1056/22
Dispositivo Médico,"EMS Pharma, Lda.",Medel Family,Medel Internatio,n 31/08/2022,A1055/22
Dispositivo Médico,"Teccare, Lda.",MBOSSTM 6.5MM CANCELLOUS SCREW SYSTEM,MERIL HEALTH,C 29/08/2024,A1506/24
Dispositivo Médico,"Teccare, Lda.",MBOSSTM 4.9MM LOCKING BOLT SYSTEM,MERIL HEALTH,C 29/08/2024,A1502/24
Dispositivo Médico,"Teccare, Lda.",MBOSSTM 4.5MM CANNULATED SCREW Systrm,MERIL HEALTH,C 29/08/2024,A1505/24
Dispositivo Médico,"Teccare, Lda.",MBOSSTM 4.0MM CANCELLOUS SCREW SYSTEM,MERIL HEALTH,C 29/08/2024,A1504/24
Dispositivo Médico,"Teccare, Lda.",MBOSSTM 2.4MM LOCKING SCREW SYSTEM,MERIL HEALTH,C 29/08/2024,A1503/24
Dispositivo Médico,"Teccare, Lda.",MBOSSTM 2.4MM CORTEX SCREW SYSTEM,MERIL HEALTH,C 05/11/2024,A1532/24
Dispositivo Médico,"Enterprise Solutions, Lda.",Mastrelle CHIC 30+,Fiterman Pharm,a 16/06/2022,A992/22
Dispositivo Médico,"Enterprise Solutions, Lda.",Mascara de oxigenio- Oxy-Prong,Mais India Medic,11/05/2020,A413/20
Dispositivo Médico,"Teccare, Lda.",MARYLAND FORCEPS,HUNAN HANDL,I 17/09/2024,A1517/24
Dispositivo Médico de Diagnóstico In-vitro,GS GRUPO SURO LDA,Mama teste,Qingdao AIBO D,21/05/2024,A1442/24
Dispositivo Médico de Diagnóstico In-vitro,"HAT – Health Advanced Tecnology, Lda",Malaria Pf/Pan Test Cassete,ACRO BIOTECH,04/03/2022,A872/22
Dispositivo Médico,"Prisma - Industria e Saude, Lda.",Malaria Pf/Pan Antigeno,CYPRESS DIAG,11/02/2022,A853/22
Dispositivo Médico de Diagnóstico In-vitro,"Farmatec, Lda.",Malaria PAN+PF Test,West Coast Pha,r 30/08/2022,A1089/22
Dispositivo Médico,"Galaxy Farmacêutica, Lda.",Malaria Pan/Pf Antigen Test,Oscar Medicare,26/09/2025,A1739/25
Dispositivo Médico de Diagnóstico In-vitro,"Soulmed, Lda.",Malaria P.f./P.v./Pan Rapid Test Cassette (Whole Blood),"Acro Biotech, In",24/07/2023,A1256/23
Dispositivo Médico de Diagnóstico In-vitro,"WellWorth, Lda.",Malaria Antigen ( Pv/Pf test),Oscar Medicare,12/12/2016,A96/16
Dispositivo Médico,Healthcare Solucoes Lda,MagMax ViralPathogen II (MVP II)Nucleic Acid Isolation Kit,Thermofisher Sc,20/07/2022,A1032/22
Dispositivo Médico,"Liser Moçambique, Lda.",Luvas de exame em latex com po,Top Glove SDN.,12/12/2018,A243/18
Dispositivo Médico,"Farmaceutica Austral, Lda.",LUVAS CIRÚRGICAS MG® COM PÓ Esterilizadas,"Originpharma, S",16/04/2025,A1578/25
Dispositivo Médico,"Makamba, Lda.","Luva de procedimento nao cirurgico (PP, P, M,G, GG)",Injex Industrias,C 13/06/2018,A161/18
Dispositivo Médico de Diagnóstico In-vitro,"Axis Solution, Lda.",Lumiradx tm SARS-CoV-2 Ag Teste,"LumiraDx UK, Lt",05/01/2022,AUE15/22
Dispositivo Médico,"AIDS Healthcare Foundation, Moçambique",LOVE Condom (Natural Rubber Latex Male Condom),UNIDUS CORP,O 01/06/2018,A136/18
Dispositivo Médico de Diagnóstico In-vitro,Hospitec S.A.,Lipase,Beckman Coulte,16/03/2026,A1863/26
Dispositivo Médico,"EMS Pharma, Lda.",Linctagon Nasal Spray,"Nativa Pty Ltd, 2",28/10/2019,A344/19
Dispositivo Médico,"TMI Healthcare, Lda.",LIBENAR® Soro,Omega Pharma,02/03/2020,A1810/20
Dispositivo Médico,"TMI Healthcare, Lda.",LIBENAR® RECARGAS (aspirador nasal),Laboratoire De L,02/03/2020,A1809/20
Dispositivo Médico,"TMI Healthcare, Lda.",LIBENAR®,Laboratoire De L,02/03/2020,A1808/20
Dispositivo Médico de Diagnóstico In-vitro,"Mozambique Scientific, Lda.",LH Rapid Test Kit,Anbio Biotechno,11/06/2025,A1630/25
Dispositivo Médico,"Moz Pharma, Lda.",Levin-Med GRD Cath 120 cm,Changzhou Yue,k 10/08/2023,A1264/23
Dispositivo Médico,"Medis Farmacêutica, Lda",Lentes de Contacto Diárias DailiesTM AquacomfortTM Plus (NELFILCON A),Alcon Laboratori,e 07/11/2022,A1179/22
Dispositivo Médico,"Medis Farmacêutica, Lda",Lentes de Contacto AIR OPTIXTM Colors (Latrafilcon B),Alcon Laboratori,e 07/11/2022,A1180/22
Dispositivo Médico,"Medis Farmacêutica, Lda",Lauroderme® Nitolic® Prevent Plus,"ICB Pharma, 43",- 24/10/2020,A338/19
Dispositivo Médico,"Medis Farmacêutica, Lda",Lauroderme® Nitolic®,"ICB Pharma, 43",- 24/10/2020,A339/19
Dispositivo Médico,"Teccare, Lda.",Latitude-Total Hip Replacement - Latitud ( Modular Acetabular system),Meril Healthcare,12/12/2018,A237/18
Dispositivo Médico,"Teccare, Lda.","Latitude-Total Hip Replacement - Latitud ( Acessories - Bone Screws, Apical Hole Occluder , Centralizer e Cemented Restrictor)",Meril Healthcare,12/12/2018,A240/18
Dispositivo Médico,"Teccare, Lda.",Latitude - Total Hip Replacement System -Modular Head),Meril Healthcare,12/12/2018,A236/18
Dispositivo Médico,"Teccare, Lda.",Latitude - Total Hip Replacement System cemented Femoral stem Haste femoral cementada),Meril Healthcare,12/12/2018,A238/18
Dispositivo Médico,"Teccare, Lda.",Latitud (total Hip Replacement System-Bipolar Monoblock Shell-Concha Monobloco Bipolar),Meril Healthcare,12/12/2018,A478/18
Dispositivo Médico,"Teccare, Lda.",Latitud - Total Hip Replacement System (Uncemented Femoral stem),Meril Healthcare,12/12/2018,A235/18
Dispositivo Médico,"Farmatec, Lda.",Latex Examination Gloves Powdered (Luvas de Exame de Latex com po),Lars Medicare P,16/06/2022,A980/22
Dispositivo Médico,"Teccare, Lda.",Latex Examination Glove (LUVAS DE EXAM EDE LÁTEX),LONGCANE IND,24/06/2022,A995/22
Desinfectante,"Natur Pharma, Lda.","Láctic Acid Ph 3,5, 1000ml","Sanoderm, Indu",s 16/06/2010,D7/10
Dispositivo Médico,"TMI Healthcare, Lda.",LACTACYD® PHARMA ANTISSEPTICO,Perrigo Pharma,02/03/2020,A1807/20
Dispositivo Médico,"Genera, Sociedade Unipessoa,l LDA",Lacrimed Germed,Farmigea S.P.A,29/05/2014,A24/14
Dispositivo Médico de Diagnóstico In-vitro,"Mozambique Scientific, Lda.","Konsung Urea, Creatinine, Uric Acid Test Card Dry Chrmical Method)",Shenzhen Mindr,a 03/07/2025,A1669/25
Dispositivo Médico de Diagnóstico In-vitro,"Mozambique Scientific, Lda.",Konsung Blood lipid and glucose test card (dry chemical method)),Jiangsu Konsun,g 03/07/2025,A1668/25
Dispositivo Médico de Diagnóstico In-vitro,"Mozambique Scientific, Lda.","Konsung Alanina aminotransferase, aspartate aminotransferase, albumin test card (dry chemical method)",Jiangsu Konsun,g 03/07/2025,A1670/25
Dispositivo Médico de Diagnóstico In-vitro,"Cicoti, Lda.",Kit de teste rapido para detecçăo de HCG,KOSHBIO PRIV,A 12/09/2022,A1099/22
Dispositivo Médico,"Liser Moçambique, Lda.",Kit de Termocoagulador HTU 110,LIGER MEDICA,L 30/08/2022,A994/22
Dispositivo Médico de Diagnóstico In-vitro,Healthcare Solucoes Lda,Kit de Purificacao de RNA/PCR para COVID-19,Da An Gene Co.,16/06/2022,AUE25/22
Dispositivo Médico de Diagnóstico In-vitro,"Neopharma, LDA.",Kit de Diagnostico Para Anticorpo para Virus da Hepatite C (Elisa),"In Tec products,",17/08/2020,A457/20
Desinfectante,"Natur Pharma, Lda.",Killon Antiseptic Cleaner,Sun Factor CC,12/09/2019,D118/19
Dispositivo Médico,"MC Dentaltech, Lda.",Ketac Molar Easymix Glass lonomer p'o e liquido,3M Deutschland,09/08/2018,A194/18
Dispositivo Médico,"Opastac Mocambique, Lda.",Ketac Cem EasyMix,3M South Africa,19/02/2019,A308/19
Desinfectante,"Opportunity, Lda.",KC Sanirub,"Mega Magic,cc,",S 08/02/2023,D199/23
Desinfectante,"Opportunity, Lda.",KC Sanihand,"Mega Magic,cc,",S 30/08/2022,D192/22
Desinfectante,"Opportunity, Lda.",KC Saniderm,"Mega Magic,cc,",S 05/08/2022,D191/22
Dispositivo Médico,"GoldPharma, Lda","Kangyou Sterile Hypodermic Syringes for Single Use 1 mL 29G*1/2"", 1 mL 30G*1/2"", 2 mL 23G*11/4"", 2 mL 23G*1”, 3 mL 23G*11/4"", 5 mL 21G*11/2"", 10mL 21G*11/2""",Jiangsu Kangyo,u 23/05/2025,A1606/25
Dispositivo Médico,"Generics & Specialities, Lda.",Kamasutra Xtra Large,Raymond Consu,24/11/2021,A764/21
Dispositivo Médico,"Generics & Specialities, Lda.",Kamasutra Wet nˋwild,Raymond Consu,11/08/2021,A730/21
Dispositivo Médico,"Generics & Specialities, Lda.",Kamasutra Warm Intimacy,Raymond Consu,14/09/2021,A755/21
Dispositivo Médico,"Generics & Specialities, Lda.",Kamasutra Uva,Raymond Consu,14/09/2021,A758/21
Dispositivo Médico,"Generics & Specialities, Lda.",Kamasutra Strawberry Personal Lubricant,Rayomond Cons,02/06/2022,A969/22
Dispositivo Médico,"Generics & Specialities, Lda.",Kamasutra Ribbed,Rayomond Cons,14/09/2021,A752/21
Dispositivo Médico,"Generics & Specialities, Lda.",Kamasutra Prazer Prolongado,Raymond Consu,10/08/2021,A1801/20
Dispositivo Médico,"Generics & Specialities, Lda.",Kamasutra Pontilhado,Raymond Consu,11/08/2021,A731/21
Dispositivo Médico,"Generics & Specialities, Lda.",Kamasutra Plain,Raymond Consu,14/09/2021,A753/21
Dispositivo Médico,"Generics & Specialities, Lda.",Kamasutra Morango,Rayomond Cons,10/08/2021,A728/21
Dispositivo Médico,"Generics & Specialities, Lda.",Kamasutra Intensidade,Raymond Consu,10/08/2021,A1802/20
Dispositivo Médico,"Generics & Specialities, Lda.",Kamasutra Exta fino,Rayomond Cons,14/09/2021,A754/21
Dispositivo Médico,"Generics & Specialities, Lda.",Kamasutra Contoured,Raymond Consu,10/08/2021,A727/21
Dispositivo Médico,"Generics & Specialities, Lda.",Kamasutra Chocolate,Raymond Consu,14/09/2021,A757/21
Dispositivo Médico,"Generics & Specialities, Lda.",Kamasutra Chill Thrill,Raymond Consu,10/08/2021,A729/21
Dispositivo Médico,"Generics & Specialities, Lda.",Kamasutra Banana,Raymond Consu,14/09/2021,A756/21
Dispositivo Médico,"Generics & Specialities, Lda.",Kamasutra Aloe Vera Personal Lubricant,Rayomond Cons,02/06/2022,A968/22
Dispositivo Médico,"Lusofarma - Especialidades Farmaceuticas, Lda.",Kadermin Spray,PAVIA FARMAC,E 21/09/2022,A1107/22
Dispositivo Médico,"Lusofarma - Especialidades Farmaceuticas, Lda.",Kadermin Creme,PAVIA FARMAC,E 21/09/2022,A1108/22
Dispositivo Médico,"Generics & Specialities, Lda.",IV. Canula With Port With Wings,Neomedic Limite,31/10/2019,A373/19
Dispositivo Médico,"Soulmed, Lda.",IV Canula with injection port and wings,GPC Medical Li,m 16/06/2022,A990/22
Dispositivo Médico,"Orbis Pharma, Lda.",Isomar Spray,Moreno II - Prod,u 28/12/2015,A85/15
Dispositivo Médico,"Orbis Pharma, Lda.",Isomar Occhi,"COSWELL SPA,",28/12/2015,A86/15
Dispositivo Médico,"Opastac Mocambique, Lda.",Ionômero Ioglass C Kit Pó + Líquido,Maquira Industri,a 31/05/2022,A957/22
Desinfectante,"Orbis Pharma, Lda.",Iodopovidona Spray 10% Valvet Galénicos 125ml,Aliand - Laboróri,09/07/2015,D58/15
Desinfectante,"Natur Pharma, Lda.","Iodopovidona Soluçao Dermica,10%, 125ml","Sanoderm, Indu",s 16/06/2010,D11/10
Desinfectante,"Natur Pharma, Lda.","Iodopovidona Soluçao Dérmica 10%, 60ml",Laboratório Mail,a 07/07/2010,D12/10
Desinfectante,"Orbis Pharma, Lda.",Iodopovidona Solução 10% Velvet Galénicos 60ml,Aliand - Laboróri,09/07/2015,D66/15
Desinfectante,"Orbis Pharma, Lda.",Iodopovidona Solução 10% Velvet Galénicos 125ml,Aliand - Laboróri,09/07/2015,D65/15
Desinfectante,"Orbis Pharma, Lda.",Iodopovidona Solucao 10% velvet Gal'enicos,Aliand - Laboróri,05/01/2016,D80/16
Dispositivo Médico,"Farmatec, Lda.",Intravenous Infusion Set With Buil T In Airvent (Conjunto de Infusao Intravenosa com ventilacao integrada),Lars Medicare P,16/06/2022,A984/22
Dispositivo Médico,"Pulse Moz Healthcare, Lda.",Intramedullar Nails Titanium,BONETECH ME,24/10/2022,A1156/22
Dispositivo Médico,"Pulse Moz Healthcare, Lda.",Intramedullar Nails Stainless Steel,BONETECH ME,24/10/2022,A1155/22
Dispositivo Médico,ARCO LDA.,IntraHEAL Reamed Tibial Nail - SS,GPC Medical Li,m 21/09/2022,A1113/22
Dispositivo Médico,ARCO LDA.,"IntraHEAL Proximal Femoral Nail, Long - SS - Left",GPC Medical Li,m 24/10/2022,A1135/22
Dispositivo Médico,ARCO LDA.,"IntraHEAL Proximal Femoral Nail, Advanced - Titanium",GPC Medical Li,m 24/10/2022,A1137/22
Dispositivo Médico,ARCO LDA.,IntraHEAL Proximal Femoral Nail – SS,GPC Medical Li,m 24/10/2022,A1165/22
Dispositivo Médico,ARCO LDA.,Intra HEAL Multi Angle Tibial Nail-SS,GPC Medical Li,m 21/09/2022,A1114/22
Desinfectante,Ace-HealthCare Lda,Instalon,Biomatrix Health,25/05/2017,D88/17
Dispositivo Médico de Diagnóstico In-vitro,"Mozambique Scientific, Lda.",INS Rapid Test Kit,Anbio Biotechno,03/06/2025,A1620/25
Dispositivo Médico,"Teccare, Lda.",InnoClipTM DISPOSABLE CLIP APPLIER,TAIWAN SURGI,C 07/03/2024,A1410/24
Dispositivo Médico,ABSA Pharma,Infusion Sets for Single Use (with needle),Changzhou Jinli,y 01/09/2023,A1210/23
Dispositivo Médico,"Mel Doce, Lda.",Infusion Set (Kit de Infusão),Atlas Surgical 17,11/02/2022,A844/22
Dispositivo Médico,"Afri Farmacia, Lda.",Infusion Set,Jimit Medico Sur,15/02/2024,A1404/24
Dispositivo Médico,FARMA HOLDINGS SA,INFUSION SET,TRIDHARA SUR,18/07/2024,A1449/24
Dispositivo Médico,"Medis Farmacêutica, Lda",Indiano Feet Line Pensos calicidas,"Eurosirel S.P.a,",V 02/01/2018,A299/18
Dispositivo Médico,"TMI Healthcare, Lda.",INALADOR NEBULIZADOR A AR COMPRIMIDO MD 1000,DORJA INDÚST,10/08/2022,A1263/23
Dispositivo Médico de Diagnóstico In-vitro,"Medis Farmacêutica, Lda",ICT Pregnancy Strip test (25 tests),ICT Internaciona,22/10/2018,A200/18
Dispositivo Médico de Diagnóstico In-vitro,"Medis Farmacêutica, Lda",ICT Pregnancy Card test (2 tests),ICT Internaciona,22/10/2018,A201/18
Dispositivo Médico de Diagnóstico In-vitro,"Medis Farmacêutica, Lda",ICT Malaria p.fl self test (2 tests),ICT Internaciona,22/10/2018,A202/18
Dispositivo Médico de Diagnóstico In-vitro,"Medis Farmacêutica, Lda",ICT Malaria p.f test (25 tests),ICT Internaciona,22/10/2018,A203/18
Dispositivo Médico de Diagnóstico In-vitro,"Medis Farmacêutica, Lda",ICT Malaria Dual test (2 tests),ICT Internaciona,22/10/2018,A205/18
Dispositivo Médico de Diagnóstico In-vitro,"Medis Farmacêutica, Lda",ICT Malaria Dual self test (2 tests),ICT Internaciona,22/10/2018,A204/18
Dispositivo Médico de Diagnóstico In-vitro,"Medis Farmacêutica, Lda",ICT HIV 1-2 Self test,ICT Internaciona,07/01/2019,A302/19
Dispositivo Médico de Diagnóstico In-vitro,"Medis Farmacêutica, Lda",ICT HIV 1-2 Cassete test,ICT Internationa,l 15/03/2023,A1208/23
Dispositivo Médico de Diagnóstico In-vitro,"Medis Farmacêutica, Lda",ICT HIV 1-2 Cassete test,ICT Internaciona,07/01/2019,A248/19
Dispositivo Médico,"AIDS Healthcare Foundation, Moçambique",ICON (lorge thin condoms),Karex Industries,01/06/2018,A137/18
Dispositivo Médico de Diagnóstico In-vitro,"Afri Farmacia, Lda.",I.V. Infusion Set,La Med Healthc,a 30/05/2022,A919/22
Dispositivo Médico,"Farmatec, Lda.",I.V. Flow Regulator I.V. (Regulador de Fluxo I.V.),Lars Medicare P,05/07/2022,A1803/20
Dispositivo Médico de Diagnóstico In-vitro,"Afri Farmacia, Lda.",I.V. Cannula With Wings,Amigo Surgicare,04/03/2022,A873/22
Dispositivo Médico,"Afri Farmacia, Lda.",I.V. Cannula With Wings,Amigo Surgicare,02/06/2022,A959/22
Dispositivo Médico,"Natur Pharma, Lda.",Hypromellose,Innovis Laborato,01/06/2018,A125/18
Dispositivo Médico,"Preventive Healthcare Moçambique, lda",Hyprojoint,Bloomage Biote,c 20/11/2025,A1539/24
Dispositivo Médico,"NAS Produtos Farmaceuticos, Lda.",Hypodermic Needle,Shangai Sol-Mill,e 06/09/2021,A723/21
Desinfectante,"Generics & Specialities, Lda.",Hydrogen Peroxide Solution,West Coast Pha,r 16/01/2012,D44/12
Dispositivo Médico de Diagnóstico In-vitro,"MEDISERV PHARMA SU, LDA.",Mediserv HIV-1&2 TEST,Aneta Pharmace,27/02/2026,A1823/26
Dispositivo Médico,"Galaxy Farmacêutica, Lda.",HIV Rapid Test,Oscar Medicare,11/06/2025,A1628/25
Dispositivo Médico de Diagnóstico In-vitro,"Mozambique Scientific, Lda.",HIV - Antigen and Antibodies to Human Imumnodeficiency (CLIA),Shenzhen Mindr,a 03/07/2025,A1666/25
Desinfectante,"Farmanatural, SA","Hipoclorito de Sódio á 0,5%",AGA-Álcool e G,é 03/05/2011,D32/11
Desinfectante,"Natur Pharma, Lda.","Higiene Íntima Nova Geração Morango, 250ml","Sanoderm, Indu",s 07/07/2010,D17/10
Desinfectante,"Natur Pharma, Lda.","Higiene Íntima Nova Geraçao Mel, 250ml","Sanoderm, Indu",s 16/06/2010,D8/10
Dispositivo Médico,"Opastac Mocambique, Lda.",Hidroxido de calcio,Maquira Industri,a 30/05/2022,A935/22
Dispositivo Médico,"Opastac Mocambique, Lda.",Hidrox-Cal,Maquira Industri,a 02/06/2022,A963/22
Dispositivo Médico,"Farmaceutica Austral, Lda.",Hidrocil Pernsolac,Laboratório Edol,18/11/2015,A66/15
Dispositivo Médico,"Farmaceutica Austral, Lda.",Hidrocil MD,Penta Arzneimitt,07/12/2015,A74/15
Dispositivo Médico,"Farmaceutica Austral, Lda.",Hidrocil Filac,Laboratório Edol,18/11/2015,A60/15
Dispositivo Médico de Diagnóstico In-vitro,"Mozambique Scientific, Lda.",Hepatite C,CTKBiotech Inc-,29/01/2020,A393/20
Dispositivo Médico de Diagnóstico In-vitro,"Neopharma, LDA.",Hepatite B Elisa,"In Tec products,",17/08/2020,A461/20
Dispositivo Médico de Diagnóstico In-vitro,"Mozambique Scientific, Lda.",Hepatite B,CTKBiotech Inc-,29/01/2020,A392/20
Dispositivo Médico,"Lusofarma - Especialidades Farmaceuticas, Lda.",Hemopropin Pomada,APIPHARMA d.o,21/09/2022,A1109/22
Dispositivo Médico,"Farmaceutica Austral, Lda.",HEMOFLAM®,"AVEFLOR, A.S.",p 12/06/2025,A1650/25
Dispositivo Médico de Diagnóstico In-vitro,"Mozambique Scientific, Lda.",HemoCue® HbA1c 501Test Cartridge,Hemocue AB –,S 28/08/2025,A1726/25
Dispositivo Médico de Diagnóstico In-vitro,"Mozambique Scientific, Lda.",HemoCue Hb 201 Microcuvettes,Hemocue AB- S,u 17/07/2025,A1692/25
Dispositivo Médico de Diagnóstico In-vitro,"Mozambique Scientific, Lda.",HemoCue Glucose 201 RT Microcuvetes,Hemocue AB- S,u 03/07/2025,A1665/25
Dispositivo Médico,Flourish Labs Distribution,Hematology Analyzer Reagent-LH Lyse,Biobase Biodust,r 24/07/2023,A1259/23
Dispositivo Médico,Flourish Labs Distribution,Hematology Analyzer Reagent-LD Lyse,Biobase Biodust,r 24/07/2023,A1261/23
Dispositivo Médico,Flourish Labs Distribution,Hematology Analyzer Diluent,Biobase Biodust,r 04/07/2023,A1260/23
Dispositivo Médico,"WellWorth, Lda.",Helthease®Preg Care Midstream,BCT Systems C,o 15/08/2013,A10/13
Dispositivo Médico de Diagnóstico In-vitro,"WellWorth, Lda.",Helthease® Preg Cassete,BCT Systems C,o 15/08/2013,A9/13
Dispositivo Médico,"WellWorth, Lda.",Heathase NebuMist Nebulizer,para NEOMEDI,C 15/08/2013,A11/13
Dispositivo Médico,"WellWorth, Lda.",Healthease® Twist Top Lancets,Huaian Tianda M,18/11/2015,A61/15
Dispositivo Médico de Diagnóstico In-vitro,"WellWorth, Lda.",Healthease® Preg n Care,Beijing Jinhuake,05/07/2013,A9/13
Dispositivo Médico,"WellWorth, Lda.","Healthease Plus 5ml Syringe with 21G x 1.5"" needle Luer slip",Jiangsu Zhengk,a 18/09/2015,A55/15
Dispositivo Médico,"WellWorth, Lda.","Healthease Plus 3ml Syringe with 23G x 1"" needle Luer slip",Jiangsu Zhengk,a 18/09/2016,A53/15
Dispositivo Médico,"WellWorth, Lda.","Healthease Plus 3ml Syringe with 21G x 1.5"" needle Luer slip",Jiangsu Zhengk,a 18/09/2015,A52/15
Dispositivo Médico,"WellWorth, Lda.","Healthease Plus 10ml Syringe with 21G x 1.5"" needle Luer slip",Jiangsu Zhengk,a 18/09/2015,A54/15
Dispositivo Médico,"WellWorth, Lda.",Healthease Nebu mist nano,NEOMEDIC (PT,Y 06/09/2021,A722/21
Dispositivo Médico,"WellWorth, Lda.",Healthease MiDrop Blood Glucose Test Strips,NEOMEDIC (PT,Y 08/02/2023,A1195/23
Dispositivo Médico,"WellWorth, Lda.",Healthease MiDrop Blood Glucose Monitor,NEOMEDIC (PT,Y 28/03/2022,A896/22
Dispositivo Médico,"WellWorth, Lda.",Healthease Digital Blood Pressure Monitor Wrist Type- Nwbpm 01,AVITA Corporati,o 25/03/2013,A8/13
Dispositivo Médico,"WellWorth, Lda.",Healthease Digital Blood Pressure Monitor Arm Type - NABPM 01,AVITA Corporati,o 25/03/2013,A7/13
Dispositivo Médico,"WellWorth, Lda.",Healthease Alcohol Swab,Wuxi Yushou me,18/11/2015,A62/15
Dispositivo Médico,"WellWorth, Lda.",Healthase Plasterman Sterile Gauze,Taizhou Xingkan,31/10/2019,A345/19
Dispositivo Médico de Diagnóstico In-vitro,"MEDISERV PHARMA SU, LDA.",HCG TEST (Midstream),Aneta Pharmace,27/02/2026,A1825/26
Dispositivo Médico de Diagnóstico In-vitro,"Lusofarma - Especialidades Farmaceuticas, Lda.",HCG Test - Midstream (teste de gravidez),KOSHBIO PRIV,A 05/12/2022,A1184/22
Dispositivo Médico,"Planet Pharmaceuticals, Lda",HCG Pregnancy Test Strip,Anhui Deepblue,01/04/2024,A1414/24
Dispositivo Médico,"Planet Pharmaceuticals, Lda",HCG Pregnancy Test Cassette,Anhui Deepblue,01/04/2024,A1415/24
Dispositivo Médico de Diagnóstico In-vitro,ABSA Pharma,HCG Pregnancy Test,Nantong Egens,B 01/09/2023,A1211/23
Dispositivo Médico de Diagnóstico In-vitro,"Afri Farmacia, Lda.",HCG Pregnancy Rapid Test Strip (Urine),Hangzhou Biote,s 03/12/2021,A777/21
Dispositivo Médico de Diagnóstico In-vitro,"Afri Farmacia, Lda.",HCG Pregnancy Rapid Test Midstream (Urine),Hangzhou Biote,s 03/12/2021,A778/21
Dispositivo Médico de Diagnóstico In-vitro,"Soulmed, Lda.",hCG Pregnancy Rapid Test Cassette Serum/Plasma/Urine,"Biomedomics, A",c 09/11/2023,A1350/23
Dispositivo Médico de Diagnóstico In-vitro,"Afri Farmacia, Lda.",HCG Pregnancy Rapid Test Cassette (Urine),Hangzhou Biote,s 03/12/2021,A776/21
Dispositivo Médico de Diagnóstico In-vitro,"HAT – Health Advanced Tecnology, Lda",HCG Pregnancy Rapid Test Cassete (Urine),"Acro Biotech, In",04/02/2022,A835/22
Dispositivo Médico de Diagnóstico In-vitro,"MDS - Medicamentos e Diagnóstico na Saúde, S.A.","HBsAg Como Rapid Test, Cs","CTK Biotech, Inc",06/12/2014,A29/14
Dispositivo Médico de Diagnóstico In-vitro,JM-Sistecnologias Sistemas e Tecnologias Lab.,HBs Ag C combo (Cassete),"CTK Biotech, Inc",09/10/2020,A557/20
Dispositivo Médico de Diagnóstico In-vitro,"Mozambique Scientific, Lda.",HbA1c Rapid Test Kit,Anbio Biotechno,23/05/2025,A1600/25
Dispositivo Médico de Diagnóstico In-vitro,Hospitec S.A.,HbA1c,Beckman Coulte,24/03/2026,A1888/26
Dispositivo Médico de Diagnóstico In-vitro,"Soulmed, Lda.",HAV IgG/IgM Combo Rapid Test Cassette (WB/S/P),"Acro Biotech, In",24/07/2023,A1255/23
Desinfectante,"Generics & Specialities, Lda.",Hand Sanitizer (PURAGEL),Kavit Soap Indu,s 30/10/2019,D115/19
Desinfectante,"EMS Pharma, Lda.",Hand Sanitizer,Bennetts the Ch,e 04/06/2021,D174/21
Dispositivo Médico de Diagnóstico In-vitro,"Soulmed, Lda.",H.PYLORI ANTIGEN RAPID TEST (feces),"Biomedomics, A",c 09/11/2023,A1351/23
Dispositivo Médico de Diagnóstico In-vitro,"Soulmed, Lda.",H.PYLORI ANTIBODY RAPID TEST,"Acro Biotech, In",24/07/2023,A1254/23
Dispositivo Médico de Diagnóstico In-vitro,"Mozambique Scientific, Lda.",H. Pilory,CTKBiotech Inc-,29/01/2020,A395/20
Dispositivo Médico de Diagnóstico In-vitro,"Soulmed, Lda.","Gonorrhea Rapid Test,Casswtte (Swab)","Acro Biotech, In",c 09/11/2023,A1352/23
Desinfectante,"Missionpharma Mocambique, Lda.",Gluconato de Clorexidina + Cetrimida 1.5% w/v +15%w/v,R.N. Laboratorie,09/11/2023,D207/23
Dispositivo Médico,"Start Point Representações, Lda",Glucometro Acuteck”Assure Tech,ASSURE Tech(H,08/04/2022,A910/22
Desinfectante,"Natur Pharma, Lda.","Glucionato de Clorhexidina 1,5%+ Cetrimida 15%, 500ml","Sanoderm, Indu",s 16/06/2010,D10/10
Dispositivo Médico,"Opastac Mocambique, Lda.",Geradores de Vacuo Medicinal - Marca Vacum SYS M,"Sysadvance, sis",t 28/12/2016,A100/16
Dispositivo Médico,"Opastac Mocambique, Lda.",Geradores de Ar Medical - Marca Air SYS M,"Sysadvance, sis",t 28/12/2016,A101/16
Desinfectante,"Medi - Saude, Importadora e distribuidora de produtos farmaceuticos",Gentian Violet Solution,FABUPHARM (P,08/04/2022,D189/22
Dispositivo Médico,"Teccare, Lda.",Gentafix®MV,"Teknimed SAS,",8 12/04/2023,A1215/23
Dispositivo Médico,"Teccare, Lda.",Gentafix®3,"Teknimed SAS,",8 12/04/2023,A1214/23
Dispositivo Médico,"Teccare, Lda.",Gentafix® 1,"Teknimed SAS,",8 12/04/2023,A1213/23
Desinfectante,"Generics & Specialities, Lda.","Genlon Solucao (clorexidina e cetrimida , solucao antisseptica)",West Coast Pha,r 30/10/2019,D125/19
Dispositivo Médico,"Lusofarma - Especialidades Farmaceuticas, Lda.",Gengigel Spray 20ml,"Recerfarma, Via",25/05/2020,A408/20
Dispositivo Médico,"Lusofarma - Especialidades Farmaceuticas, Lda.",Gengigel primeiros dentes 20ml,"Recerfarma, Via",25/05/2020,A406/20
Dispositivo Médico,"Lusofarma - Especialidades Farmaceuticas, Lda.",Gengigel gel 20ml,"Recerfarma, Via",25/05/2020,A414/20
Dispositivo Médico,"Lusofarma - Especialidades Farmaceuticas, Lda.",Gengigel Forte,"Ricerfarma, Via",E 09/11/2023,A1349/23
Dispositivo Médico,"Lusofarma - Especialidades Farmaceuticas, Lda.",Gengigel first aid 50ml,"Recerfarma, Via",25/05/2020,A415/20
Dispositivo Médico,"Lusofarma - Especialidades Farmaceuticas, Lda.",Gengigel Culutorio 150ml,"Recerfarma, Via",25/05/2020,A407/20
Dispositivo Médico de Diagnóstico In-vitro,"Mozambique Scientific, Lda.",Gene Xpert® Edge System,Cepheid AB Cep,25/10/2022,A1130/22
Dispositivo Médico,Kambeny Comercial Lda.,GEM® 3500,Instrumentation,L 04/02/2022,A836/22
Desinfectante,"Natur Pharma, Lda.","Gel anti-bacteriano, sem lavagem, sem perfume,50ml",Laboratório Mail,a 16/06/2010,D4/10
Desinfectante,"Natur Pharma, Lda.","Gel anti-bacteriano, sem lavagem, perfume Maça, 50ml","Sanoderm, Indu",s 16/06/2010,D6/10
Desinfectante,"Natur Pharma, Lda.","Gel anti-bacteriano, sem lavagem, Hipoalergénico, 50ml","Sanoderm, Indu",s 16/06/2010,D5/10
Dispositivo Médico,Ace-HealthCare Lda,gaze hidrofila,Farmasino Phar,m 10/05/2019,A313/19
Dispositivo Médico,"Mais Saúde, Lda.",Gauze Swabs Sterile,Akacia Medical (,18/06/2018,A241/18
Dispositivo Médico,Kambeny Comercial Lda.,Gauze Roll,Jangsu Nanfang,15/05/2017,A111/17
Dispositivo Médico,"Opastac Mocambique, Lda.",Fusion Self Lute,Prevest Denpro,L 24/10/2022,A1140/22
Dispositivo Médico,"Opastac Mocambique, Lda.",Fusion i-Seal,Prevest Denpro,L 10/05/2019,A293/19
Dispositivo Médico de Diagnóstico In-vitro,"Mozambique Scientific, Lda.",FT4 Rapid Test Kit,Anbio Biotechno,03/06/2025,A1624/25
Dispositivo Médico de Diagnóstico In-vitro,"Mozambique Scientific, Lda.",FT3 Rapid Test Kit,Anbio Biotechno,23/05/2025,A1601/25
Dispositivo Médico de Diagnóstico In-vitro,"Mozambique Scientific, Lda.",FSH Rapid Test Kit,Anbio Biotechno,11/06/2025,A1629/25
Dispositivo Médico de Diagnóstico In-vitro,"Mozambique Scientific, Lda.",fPSA Rapid Test Kit,Anbio Biotechno,25/03/2025,A1603/25
Dispositivo Médico,"Opastac Mocambique, Lda.",Formocresol,Maquira Industri,a 02/06/2022,A960/22
Dispositivo Médico,"Opastac Mocambique, Lda.",Formacresol,World -Work srl,V 22/10/2018,A207/18
Desinfectante,"Generics & Specialities, Lda.",ForacheTOOTHACHE SOLUTION,West Coast Pha,r 13/06/2011,D18/11
Dispositivo Médico,"Lusofarma - Especialidades Farmaceuticas, Lda.",Fora Tender Sterile Lancets 30G Fine e 33 G microfine,ForaCare Suisse,17/12/2020,A547/20
Dispositivo Médico,"Lusofarma - Especialidades Farmaceuticas, Lda.",Fora Diamond Blood Glucose Test Strip,ForaCare Suisse,17/12/2020,A545/20
Dispositivo Médico,"Lusofarma - Especialidades Farmaceuticas, Lda.",For a Tender Sterile Lancets 30G fine e 33G micro-fine,ForaCare Suisse,09/10/2020,A542/20
Dispositivo Médico,"Lusofarma - Especialidades Farmaceuticas, Lda.",For a forafine pen needles,ForaCare Suisse,17/12/2020,A543/20
Dispositivo Médico,"Lusofarma - Especialidades Farmaceuticas, Lda.",For a Diamond GD50,ForaCare Suisse,17/12/2020,A544/20
Dispositivo Médico,"Soulmed, Lda.",Foley Balloon Catheter-2 Way,GPC Medical Li,m 16/06/2022,A991/22
Dispositivo Médico,"Moz Pharma, Lda.",Flow-Med CTRV Cath 52 cm,Anhui Kangda M,10/08/2023,A1265/23
Dispositivo Médico,"TMI Healthcare, Lda.",FLOWFLEX Teste Rápido do SARS-CoV-2,ACON Biotech (,H 02/06/2022,AUE24/22
Dispositivo Médico,"Citimed Healthcare, LDA.",FLORA® VISION,NOVAX® PHAR,M 10/01/2024,A1389/24
Dispositivo Médico,"Teccare, Lda.",Flogel (Kit de Matriz Hemostatica de Gelatina Fluida),AEGIS Lifescien,c 05/06/2023,A1239/23
Dispositivo Médico,"Opastac Mocambique, Lda.",Fix Adesivo ondotologicos,Maquira Industri,a 02/06/2022,A962/22
Dispositivo Médico,"GoldPharma, Lda",FITONE Single-use Sterile Latex Surgical Gloves,Fitone Latex Pro,23/05/2025,A1611/25
Dispositivo Médico,"GoldPharma, Lda",FITONE Ribbed Sensation Extreme - Orange Scented (Natural Rubber Latex Male Condom),Fitone Latex Pro,29/07/2025,A1694/25
Dispositivo Médico,"GoldPharma, Lda",FITONE Classic Smooth -No Fragrance (Natural Rubber Latex Male Condom),Fitone Latex Pro,29/07/2025,A1695/25
Dispositivo Médico,"Start Point Representações, Lda",Fita Glucose(Glicemia)”Autocode,Apex Biotechnol,o 08/04/2022,A909/22
Dispositivo Médico de Diagnóstico In-vitro,"Quimofar Produtos Quimicos Farmaceuticos e Material Hospitalar, Lda",Finecare™ β-hCG Rapid Quantitative Test,Guangzhou Won,09/11/2023,A1316/23
Dispositivo Médico de Diagnóstico In-vitro,"Quimofar Produtos Quimicos Farmaceuticos e Material Hospitalar, Lda",Finecare™ β2-MG Rapid Quantitative Test,Guangzhou Won,22/03/2024,A1420/24
Dispositivo Médico de Diagnóstico In-vitro,"Quimofar Produtos Quimicos Farmaceuticos e Material Hospitalar, Lda",Finecare™ TSH Rapid Quantitative Test,Guangzhou Won,09/11/2023,A1317/23
Dispositivo Médico de Diagnóstico In-vitro,"Quimofar Produtos Quimicos Farmaceuticos e Material Hospitalar, Lda",Finecare™ Testosterone Rapid Quantitative Test,Guangzhou Won,09/11/2023,A1319/23
Dispositivo Médico de Diagnóstico In-vitro,"Quimofar Produtos Quimicos Farmaceuticos e Material Hospitalar, Lda",Finecare™ T4 Rapid Quantitative Test,Guangzhou Won,09/11/2023,A1318/23
Dispositivo Médico de Diagnóstico In-vitro,"Quimofar Produtos Quimicos Farmaceuticos e Material Hospitalar, Lda",Finecare™ T3 Rapid Quantitative Test,Guangzhou Won,22/03/2024,A1419/24
Dispositivo Médico de Diagnóstico In-vitro,"Quimofar Produtos Quimicos Farmaceuticos e Material Hospitalar, Lda",Finecare™ Prolactin Rapid Quantitative Test,Guangzhou Won,25/01/2024,A1383/24
Dispositivo Médico de Diagnóstico In-vitro,"Quimofar Produtos Quimicos Farmaceuticos e Material Hospitalar, Lda",Finecare™ Progesterone Rapid Quantitative Test,Guangzhou Won,25/01/2024,A1388/24
Dispositivo Médico de Diagnóstico In-vitro,"Quimofar Produtos Quimicos Farmaceuticos e Material Hospitalar, Lda",Finecare™ NGAL Rapid Quantitative Test,Guangzhou Won,25/01/2024,A1387/24
Dispositivo Médico de Diagnóstico In-vitro,"Quimofar Produtos Quimicos Farmaceuticos e Material Hospitalar, Lda",Finecare™ FT4 Rapid Quantitative Test,Guangzhou Won,09/11/2023,A1325/23
Dispositivo Médico de Diagnóstico In-vitro,"Quimofar Produtos Quimicos Farmaceuticos e Material Hospitalar, Lda",Finecare™ fT3 Rapid Quantitative Test,Guangzhou Won,09/11/2023,A1321/23
Dispositivo Médico de Diagnóstico In-vitro,"Quimofar Produtos Quimicos Farmaceuticos e Material Hospitalar, Lda",Finecare™ FSH Rapid Quantitative Test,Guangzhou Won,22/03/2024,A1421/24
Dispositivo Médico de Diagnóstico In-vitro,"Quimofar Produtos Quimicos Farmaceuticos e Material Hospitalar, Lda",Finecare™ Estradiol (E2) Rapid Quantitative Test,Guangzhou Won,09/11/2023,A1324/23
Dispositivo Médico de Diagnóstico In-vitro,"Quimofar Produtos Quimicos Farmaceuticos e Material Hospitalar, Lda",Finecare™ CRP Rapid Quantitative Test,Guangzhou Won,25/01/2024,A1386/24
Dispositivo Médico de Diagnóstico In-vitro,"Quimofar Produtos Quimicos Farmaceuticos e Material Hospitalar, Lda",Finecare™ Cortisol Rapid Quantitative Test,Guangzhou Won,22/03/2024,A1418/24
Dispositivo Médico de Diagnóstico In-vitro,"Quimofar Produtos Quimicos Farmaceuticos e Material Hospitalar, Lda",Finecare™ CK-MB Rapid Quantitative Test,Guangzhou Won,09/11/2023,A1326/23
Dispositivo Médico de Diagnóstico In-vitro,"Quimofar Produtos Quimicos Farmaceuticos e Material Hospitalar, Lda",Finecare™ CEA Rapid Quantitative Test,Guangzhou Won,22/03/2024,A1422/24
Dispositivo Médico de Diagnóstico In-vitro,"Quimofar Produtos Quimicos Farmaceuticos e Material Hospitalar, Lda",Finecare™ PSA Rapid Quantitative Test,Guangzhou Won,25/01/2024,A1384/24
Dispositivo Médico de Diagnóstico In-vitro,"Quimofar Produtos Quimicos Farmaceuticos e Material Hospitalar, Lda",FinecareTM Vitamin D Rapid Quantitative Test,Guangzhou Won,09/11/2023,A1358/23
Dispositivo Médico de Diagnóstico In-vitro,"Quimofar Produtos Quimicos Farmaceuticos e Material Hospitalar, Lda",FinecareTM LH Rapid Quantitative Test,Guangzhou Won,09/11/2023,A1357/23
Dispositivo Médico de Diagnóstico In-vitro,"Quimofar Produtos Quimicos Farmaceuticos e Material Hospitalar, Lda",FinecareTM HbA1c Rapid Quantitative Test,Guangzhou Won,09/11/2023,A1356/23
Dispositivo Médico de Diagnóstico In-vitro,"Quimofar Produtos Quimicos Farmaceuticos e Material Hospitalar, Lda",FinecareTM D-Dimer Rapid Quantitative Test,Guangzhou Won,09/11/2023,A1323/23
Dispositivo Médico de Diagnóstico In-vitro,"Quimofar Produtos Quimicos Farmaceuticos e Material Hospitalar, Lda",FinecareTM cTn I Rapid Quantitative Test,Guangzhou Won,09/11/2023,A1320/23
Dispositivo Médico de Diagnóstico In-vitro,"Quimofar Produtos Quimicos Farmaceuticos e Material Hospitalar, Lda",FinecareTM AFP Rapid Quantitative Test,Guangzhou Won,25/01/2024,A1385/24
Dispositivo Médico de Diagnóstico In-vitro,"Quimofar Produtos Quimicos Farmaceuticos e Material Hospitalar, Lda",Finecare ™ FIA Meter Plus,Guangzhou Won,14/03/2024,A1417/24
Dispositivo Médico,"DKT Mozambique, Lda.",FiestaAnanas - Preservativo masculino de látex natural,Dongyang Song,p 14/03/2024,A1408/24
Dispositivo Médico,"DKT Mozambique, Lda.",Fiesta Coffee - Preservativo masculino de látex natural,Dongyang Song,p 14/03/2024,A1409/24
Dispositivo Médico,"DKT Mozambique, Lda.",Fiesta Bubble Gum - Preservativo masculino de látex natural,Dongyang Song,p 14/03/2024,A1407/24
Dispositivo Médico de Diagnóstico In-vitro,"Quimofar Produtos Quimicos Farmaceuticos e Material Hospitalar, Lda",Fibrinogen Reagent Kit (Clotting),Guangzhou Won,29/04/2024,A1434/24
Desinfectante,"Hedera, Lda.",Ferisept,Uniao Quimica F,30/08/2022,D193/22
Dispositivo Médico,"Moz Pharma, Lda.",Feeding Med Cath,Changzhou Dev,i 20/07/2022,A1051/22
Dispositivo Médico,"Teccare, Lda.",Fast SARS-CoV-2 Detection Kit (RT-PCR) - Kit de detecção rápida do SARS-CoV-2 (RT-PCR),GENESIGN BIO,T 14/02/2021,AUE18/22
Dispositivo Médico,"MDS - Medicamentos e Diagnóstico na Saúde, S.A.",Farmababy,Guangzhou wo,n 16/06/2016,A91/16
Desinfectante,"Medi - Saude, Importadora e distribuidora de produtos farmaceuticos",Fabupharm 1% Mercurochrome Solution,FABUPHARM (P,11/02/2022,D187/22
Dispositivo Médico,"Opastac Mocambique, Lda.",Eugenol,World -Work srl,V 22/10/2018,A206/18
Dispositivo Médico,"Opastac Mocambique, Lda.",Eucaliptol 100%,Maquira Industri,a 02/06/2022,A964/22
Desinfectante,"Generics & Specialities, Lda.",Ethil Chloride BP Spray (Cloreto de etilo),TKM Pharma,13/06/2011,D42/11
Desinfectante,"Farmanatural, SA",Eter Dietilíco ( Eter Etílico) em embalagens de 150 ml e 1000ml,AGA-Álcool e G,é 03/05/2011,D30/11
Dispositivo Médico,"MC Dentaltech, Lda.",Etchant Gel S,Coltene/Whaled,e 06/07/2018,A170/18
Dispositivo Médico,"Medi-Saude, Lda.",Estadial Liquid Paraffin,Fabupharm ( PT,Y 20/07/2022,A1036/22
Dispositivo Médico,"Medi-Saude, Lda.",Estadial Liquid Paraffin,FABUPHARM (,P 20/07/2022,A1036/22
Dispositivo Médico,"Moz Pharma, Lda.",Epicat Set Safety LL,Hangzhou Supe,r 20/07/2022,A1041/22
Dispositivo Médico,"Moz Pharma, Lda.",Epicat Set,Hangzhou Supe,r 20/07/2022,A1040/22
Desinfectante,"Natur Pharma, Lda.","Eosina 2%,60ml",Laboratório Maia,16/06/2010,D1/10
Desinfectante,"Orbis Pharma, Lda.",Eosina 2% Velvet Galénicos 30ml,Aliand - Laboróri,09/07/2015,D59/15
Dispositivo Médico,"Opastac Mocambique, Lda.",Endoseal,Prevest Denpro,L 22/10/2018,A196/18
Dispositivo Médico,"Opastac Mocambique, Lda.",Endo Ice - Testador de polpa dentaria,Maquira Industri,a 05/07/2022,A975/22
Dispositivo Médico,ARCO LDA.,EndCap for PFN Nail –SS,GPC Medical Li,m 24/10/2022,A1133/22
Dispositivo Médico,ARCO LDA.,EndCap for PFA - Titanium,GPC Medical Li,m 24/10/2022,A1136/22
Dispositivo Médico,ARCO LDA.,EndCap for Multi Angle Tibial Nail - S.S,GPC Medical Li,m 24/10/2022,A1134/22
Dispositivo Médico,ARCO LDA.,End Cap for Tibial & Femoral Nail - S.S,GPC Medical Li,m 25/10/2022,A1166/22
Dispositivo Médico,"Farmaceutica Austral, Lda.",Emtrix,Moberg Pharma,07/12/2015,A78/15
Dispositivo Médico,Separation Scientific Lda,"Elisio-15H, 17H, 19H e 21H",Nipro In India Co,30/05/2022,A925/22
Dispositivo Médico,"MDS - Medicamentos e Diagnóstico na Saúde, S.A.",Element Lancetas Esterilizadas,"Infopia Co. LTD,",09/06/2017,A113/17
Dispositivo Médico,"MDS - Medicamentos e Diagnóstico na Saúde, S.A.",Element (Tiras teste glucose),"Infopia Co. LTD,",16/06/2016,A90/16
Dispositivo Médico,"MDS - Medicamentos e Diagnóstico na Saúde, S.A.",Element ( Glucometro),"Infopia Co. LTD,",16/06/2016,A89/16
Dispositivo Médico,"TMI Healthcare, Lda.","ELDONCARDS, CARTÕES PARA DETERMINAÇÃO DE GRUPO SANGUÍNEO",ELDON BIOLOG,09/11/2023,A1358/23
Dispositivo Médico,"Afri Farmacia, Lda.",Elastic Adhesive Bandage – A + M Plast,Adeshwar Medit,e 02/06/2022,A970/22
Dispositivo Médico de Diagnóstico In-vitro,thl-Tecnologia Hospital e Laboratorial,EIGHTCHECK-3WP,Sysmex Corpora,16/09/2020,A467/20
Desinfectante,"Natur Pharma, Lda.",Egrema® Iodopovidona Solucao para Gargarejar e Lavagem da Boca,"Sanoderm, Indu",s 27/07/2020,D139/20
Desinfectante,"Natur Pharma, Lda.",Egrema® Iodopovidona Solução espuma 4%,"Sanoderm, Indu",s 28/07/2020,D138/20
Desinfectante,"Natur Pharma, Lda.",Egrema® Iodopovidona Solução Dermica 10%,"Sanoderm, Indu",s 27/07/2020,D140/20
Desinfectante,"Natur Pharma, Lda.",Egrema® Iodopovidona Champo Antissepitico,"Sanoderm, Indu",s 27/07/2020,D141/20
Desinfectante,"Natur Pharma, Lda.","Egrema Iodopovidona Vaginal 10%, 125ml","Sanoderm, Indu",s 27/08/2010,D19/10
Desinfectante,"TMI Healthcare, Lda.",Egrema Iodopovidona Solucao Vaginal,Sanoderm- Indu,s 02/03/2020,D133/20
Desinfectante,"TMI Healthcare, Lda.",Egrema Iodopovidona Solucao Vaginal,Sanoderm- Indu,s 02/03/2020,D134/20
Desinfectante,"Natur Pharma, Lda.",Egrema iodopovidona solução para Gargarejar e lavagem da boca a 10%,Sanoderm- Indu,s 27/08/2010,D21/10
Desinfectante,"Natur Pharma, Lda.","Egrema Iodopovidona Soluçao Espuma, 125ml","Sanoderm, Indu",s 27/08/2010,D20/10
Desinfectante,"TMI Healthcare, Lda.",Egrema Iodopovidona Solucao Dermica,Sanoderm- Indu,s 02/03/2020,D132/20
Desinfectante,"TMI Healthcare, Lda.",Egrema Iodopovidona Champoo,Sanoderm- Indu,s 02/03/2020,D135/20
Dispositivo Médico de Diagnóstico In-vitro,thl-Tecnologia Hospital e Laboratorial,e-CHECK(XE),Sysmex Corpora,16/09/2020,A465/20
Dispositivo Médico,"GoldPharma, Lda",Ecan Tubing with nebulizer,Guangdong Eca,n 23/05/2025,A1608/25
Dispositivo Médico de Diagnóstico In-vitro,"Mozambique Scientific, Lda.",Eaglenos Electrolyte Test Cartridges,EAGLENOS SC,16/03/2026,A1853/26
Dispositivo Médico de Diagnóstico In-vitro,"Mozambique Scientific, Lda.",E2 Rapid Test Kit,Anbio Biotechno,03/06/2025,A1618/25
Dispositivo Médico,"Medis Farmacêutica, Lda",Durex Real Feel,SSL Manufactur,i 28/03/2022,A895/22
Dispositivo Médico,"Medis Farmacêutica, Lda",Durex Pleasure Me,Qingdao London,29/06/2021,A689/21
Dispositivo Médico,"Medis Farmacêutica, Lda",Durex Performa,SSL Manufactur,i 28/03/2022,A894/22
Dispositivo Médico,"Medis Farmacêutica, Lda",Durex Invisible Preservativo,Qingdao London,01/09/2023,A1189/23
Dispositivo Médico,"Medis Farmacêutica, Lda",Durex Fetherlite,SSL Manufactur,i 29/06/2021,A688/21
Dispositivo Médico,"Medis Farmacêutica, Lda",Durex Feels,SSL Manufactur,i 05/07/2021,A703/21
Dispositivo Médico,"Medis Farmacêutica, Lda",Durex Extra Safe,Qingdao London,05/07/2021,A702/21
Dispositivo Médico,"EMS Pharma, Lda.",DR. LONG´S WARMING & COOLING CONDOMS SUPER SENSATION,GM Pharmaceut,23/12/2021,A767/21
Dispositivo Médico,"EMS Pharma, Lda.",DR. LONG´S SUPA-THIN CONDOMS ULTRA WET,GM Pharmaceut,23/12/2021,A766/21
Dispositivo Médico,"EMS Pharma, Lda.",DR. LONG´S RUFF-STUDDED CONDOMS MAXIMUM PLEASURE,GM Pharmaceut,23/12/2021,A768/21
Dispositivo Médico,"EMS Pharma, Lda.",DR. LONG´S LONG LOVE CONDOMS FOR STAYING POWER,GM Pharmaceut,03/12/2021,A765/21
Dispositivo Médico,"EMS Pharma, Lda.",DR. LONG´S ENLARGED CONDOMS,GM Pharmaceut,12/09/2022,A1059/22
Dispositivo Médico,"EMS Pharma, Lda.",DR. LONG´S CLIMAX CONTROL CONDOMS,GM Pharmaceut,15/09/2022,A1058/22
Dispositivo Médico,"Opastac Mocambique, Lda.",Dolo EDTA Gel For Root Canals,Prevest Denpro,L 24/10/2022,A1139/22
Dispositivo Médico,Medafrica Lda,"Disposale siringe (22G, 21G, …..)",Suzhou Sunmed,10/12/2017,A119/17
Dispositivo Médico,Medafrica Lda,"Disposale siringe (22G, 21G, …..)",Suzhou Sunmed,10/12/2017,A122/17
Dispositivo Médico,"Soulmed, Lda.",Disposable Syringe With Needle,Yuegyang Minka,20/03/2023,A1209/23
Dispositivo Médico,"Soulmed, Lda.",Disposable syringe with needle,Yuegyang Minka,05/11/2024,A1529/24
Dispositivo Médico,ABSA Pharma,Disposable Sterile Syringes,Changzhou Jinli,y 01/09/2023,A1209/23
Dispositivo Médico,"Generics & Specialities, Lda.",DISPOGEN (Seringa estéril descartável),Jiangsu Zhengk,a 28/06/2023,A1246/23
Dispositivo Médico de Diagnóstico In-vitro,Hospitec S.A.,Direct Bilirubin,Beckman Coulte,24/03/2026,A1886/26
Desinfectante,"Generics & Specialities, Lda.",DILUTED ETHANOL BP 70%,West Coast Pha,r 24/02/2012,D46/12
Dispositivo Médico,"Orbis Pharma, Lda.",Digeron,Moreno II - Prod,u 28/12/2015,A87/15
Dispositivo Médico de Diagnóstico In-vitro,"Lua RealFarma, Lda.",DIAQUICK” PSA Cassette,DIALAB Produkt,30/08/2022,A1078/22
Dispositivo Médico de Diagnóstico In-vitro,"Lua RealFarma, Lda.",DIAQUICK” Malaria P.f./Pan Cassette,DIALAB Produkt,12/09/2022,A1095/22
Dispositivo Médico de Diagnóstico In-vitro,"Lua RealFarma, Lda.",DIAQUICK” HIV Plus,DIALAB Produkt,30/08/2022,A1083/22
Dispositivo Médico de Diagnóstico In-vitro,"Lua RealFarma, Lda.",DIAQUICK” HCV Plus,DIALAB Produkt,30/08/2022,A1092/22
Dispositivo Médico de Diagnóstico In-vitro,"Lua RealFarma, Lda.",DIAQUICK” H.pylori Stool Cassette,DIALAB Produkt,12/09/2022,A1093/22
Dispositivo Médico de Diagnóstico In-vitro,"Lua RealFarma, Lda.",DIAQUICK” FOB Cassette,DIALAB Produkt,30/08/2022,A1086/22
Dispositivo Médico de Diagnóstico In-vitro,"Lua RealFarma, Lda.",DIAQUICK” hCG Dipstick,DIALAB Produkt,12/09/2022,A1096/22
Dispositivo Médico de Diagnóstico In-vitro,"Lua RealFarma, Lda.",DIAQUICK” Multi-Drug Panels,DIALAB Produkt,12/09/2022,A1094/22
Dispositivo Médico de Diagnóstico In-vitro,"Lua RealFarma, Lda.",DIAQUICK Alcohol Saliva Strip,DIALAB Produkt,30/08/2022,A1085/22
Dispositivo Médico de Diagnóstico In-vitro,"Farmatec, Lda.",Diagnostic Kit For HIV (1+2) Antibody (colloidal Gold) V2 (Teste rapido de HIV),West Coast Pha,r 31/08/2022,A1090/22
Dispositivo Médico,ARCO LDA.,DHS/DCS Lag Screw - S.S.,GPC Medical Li,m 24/10/2022,A1167/22
Dispositivo Médico,ARCO LDA.,DHS Barrel Plate 4.5 mm – 135 Degree-SS,GPC Medical Li,m 20/10/2022,A1164/22
Desinfectante,"Nelt Mozambique, Lda",Dettol Antisseptico,Reckitt Benckise,30/10/2019,D123/19
Dispositivo Médico de Diagnóstico In-vitro,Hospitec S.A.,Determine™ Syphilis TP,Abbott Diagnosti,23/12/2021,A797/21
Dispositivo Médico de Diagnóstico In-vitro,Hospitec S.A.,Determine™ HIV-1/2,Abbott Diagnosti,22/11/2021,A766/21
Dispositivo Médico de Diagnóstico In-vitro,Hospitec S.A.,Determine™ HIV Early Detect SET,Abbott Diagnosti,08/02/2022,A1196/23
Dispositivo Médico de Diagnóstico In-vitro,Hospitec S.A.,Determine™ HIV Early Detect,Abbott Diagnosti,22/11/2021,A764/21
Dispositivo Médico de Diagnóstico In-vitro,Hospitec S.A.,Determine™ HBsAg 2 Set,Abbott Diagnosti,29/04/2021,A665/21
Dispositivo Médico de Diagnóstico In-vitro,Hospitec S.A.,Determine™ Antenatal Care Panel,Abbott Diagnosti,26/09/2025,A1734/25
Dispositivo Médico de Diagnóstico In-vitro,Hospitec S.A.,Determine TB LAM Ag,Abbtt Rapid Dia,g 12/04/2022,A907/22
Dispositivo Médico de Diagnóstico In-vitro,Hospitec S.A.,Determine Syphilis TP,Abbott Diagnosti,16/04/2025,A1573/25
Dispositivo Médico de Diagnóstico In-vitro,Healthcare Solucoes Lda,Detention Kit for 2019 Novel Coronavirus (2019-nCoV) RNA (PCR-Fluorescence Probing),Da An Gene Co.,24/06/2022,AUE26/22
Dispositivo Médico,Flourish Labs Distribution,Detector Cleaning Fluid,Biobase Biodust,r 24/07/2023,A1262/23
Dispositivo Médico,"Teccare, Lda.",Destikneess - kneess system Tibial Base Plate,Meril Healthcare,12/12/2018,A234/18
Dispositivo Médico,"Teccare, Lda.",Destikneess - kneess system Tibial Articular Surface (Liner Metal Bached) CR e PS,Meril Healthcare,12/12/2018,A232/18
Dispositivo Médico,"Teccare, Lda.",Destikneess - kneess system All Poly Patella,Meril Healthcare,12/12/2018,A231/18
Suplemento Nutricional,"Natur Pharma, Lda.",Mag Advanced,Rioja Nature Ph,a 01/06/2018,S318/18
Suplemento Nutricional,"Natur Pharma, Lda.",Mag Advanced,Rioja Nature Ph,a 01/06/2018,S318/18
